output_file,output_bytes,output_MB_decimal,estimated_extracted_words,source_pdf,source_start_page,source_end_page,source_pages_in_output
HsHtoolkit_1.pdf,21335249,21.335,81822,D:\__SAT26\HsHToolbox\Addendum\1510.04407v1.pdf,1,26,26
HsHtoolkit_1.pdf,21335249,21.335,81822,D:\__SAT26\HsHToolbox\Addendum\2511.10115v3.pdf,1,16,16
HsHtoolkit_1.pdf,21335249,21.335,81822,D:\__SAT26\HsHToolbox\Addendum\2831-t3jk.pdf,1,9,9
HsHtoolkit_1.pdf,21335249,21.335,81822,D:\__SAT26\HsHToolbox\Addendum\0609768v1.pdf,1,11,11
HsHtoolkit_1.pdf,21335249,21.335,81822,D:\__SAT26\HsHToolbox\Addendum\Chapter_03.pdf,1,6,6
HsHtoolkit_1.pdf,21335249,21.335,81822,D:\__SAT26\HsHToolbox\Addendum\fluids2.pdf,1,56,56
HsHtoolkit_1.pdf,21335249,21.335,81822,D:\__SAT26\HsHToolbox\Addendum\holonomy (1).pdf,1,3,3
HsHtoolkit_1.pdf,21335249,21.335,81822,D:\__SAT26\HsHToolbox\Addendum\Holonomy.pdf,1,12,12
HsHtoolkit_1.pdf,21335249,21.335,81822,D:\__SAT26\HsHToolbox\Addendum\HOLONOMYs41567-022-01807-5.pdf,1,7,7
HsHtoolkit_1.pdf,21335249,21.335,81822,D:\__SAT26\HsHToolbox\Addendum\mit8_01scs22_chapter30.pdf,1,20,20
HsHtoolkit_1.pdf,21335249,21.335,81822,D:\__SAT26\HsHToolbox\Addendum\navier_stokes.pdf,1,36,36
HsHtoolkit_1.pdf,21335249,21.335,81822,D:\__SAT26\HsHToolbox\Addendum\PDEs_Project____GPE_derivation-1.pdf,1,4,4
HsHtoolkit_1.pdf,21335249,21.335,81822,D:\__SAT26\HsHToolbox\Addendum\rnoti-p795.pdf,1,2,2
HsHtoolkit_1.pdf,21335249,21.335,81822,D:\__SAT26\HsHToolbox\Addendum\talk-patna19b.pdf,1,23,23
HsHtoolkit_1.pdf,21335249,21.335,81822,D:\__SAT26\HsHToolbox\Addendum\Whole World Holonomy _ Galileo Unbound.pdf,1,10,10
