native_category,stable_family,mapping_status,effective_from,effective_to,notes
astro-ph,astrophysics-cosmology,PROVISIONAL,,,
grav-qc,gravitation-relativity,PROVISIONAL,,,
gr-qc,gravitation-relativity,PROVISIONAL,,,
hep-th,high-energy-theory,PROVISIONAL,,,
hep-ph,high-energy-phenomenology-experiment,PROVISIONAL,,,
hep-ex,high-energy-phenomenology-experiment,PROVISIONAL,,,
hep-lat,high-energy-phenomenology-experiment,PROVISIONAL,,,
nucl-th,nuclear-physics,PROVISIONAL,,,
nucl-ex,nuclear-physics,PROVISIONAL,,,
cond-mat,condensed-matter,PROVISIONAL,,,
quant-ph,quantum-foundations-information,PROVISIONAL,,,
math-ph,mathematical-physics,PROVISIONAL,,,
physics.atom-ph,atomic-molecular-optical,PROVISIONAL,,,
physics.optics,atomic-molecular-optical,PROVISIONAL,,,
physics.plasm-ph,plasma-fluids,PROVISIONAL,,,
physics.flu-dyn,plasma-fluids,PROVISIONAL,,,
nlin,statistical-nonlinear-complex,PROVISIONAL,,,
physics.acc-ph,instrumentation-accelerators,PROVISIONAL,,,
physics.ins-det,instrumentation-accelerators,PROVISIONAL,,,
physics.gen-ph,general-interdisciplinary-physics,PROVISIONAL,,,
