blind_id,year,arxiv_id,created,updated,authors,categories,link
XR001,2025,2507.18117,2025-07-24,2025-07-25,Jacob Sebastian; Bijoy Dalal; Aakash Gupta; Shiv Kumar Goyal; Dibyendu Chakrabarty; Santosh V. Vadawale; M. Shanmugam; Neeraj Kumar Tiwari; Arpit R. Patel; Aveek Sarkar; Aaditya Sarda; Tinkal Ladiya; Prashant Kumar; Manan S. Shah; Abhishek Kumar; Shivam Parashar; Pranav R. Adhyaru; Hiteshkumar L. Adalja; Piyush Sharma; Abhishek J. Verma; Nishant Singh; Sushil Kumar; Deepak Kumar Painkra; Swaroop B. Banerjee; K. P. Subramaniam; Bhas Bapat; M. B. Dadhania; P. Janardhan; Anil Bhardwaj,physics.space-ph; astro-ph.EP; astro-ph.IM; astro-ph.SR,https://arxiv.org/abs/2507.18117
XR002,2026,2607.03010,2026-07-03,2026-07-07,Alexei Vazquez,physics.soc-ph; cond-mat.dis-nn; math.CO,https://arxiv.org/abs/2607.03010
XR003,2025,2508.19846,2025-08-27,2025-08-28,Georg Stettinger,hep-th,https://arxiv.org/abs/2508.19846
XR004,2024,2404.07637,2024-05-10,2024-05-13,Miguel A. Cascales Sandoval; A. Hierro-Rodríguez; S. Ruiz-Gómez; L. Skoric; M. A. Niño; S. McVitie; S. Flewett; M. Foerster; Elena Y. Vedmedenko; N. Jaouen; A. Fernández-Pacheco,cond-mat.mes-hall,https://arxiv.org/abs/2404.07637
XR005,2026,2606.18396,2026-07-27,2026-07-28,Gauri Batra; Henry W. Lin; Haifeng Tang,hep-th; hep-lat; quant-ph,https://arxiv.org/abs/2606.18396
XR006,2025,2506.07157,2025-06-08,2025-06-10,Ritama Kar; Nisanth N. Nair,physics.comp-ph,https://arxiv.org/abs/2506.07157
XR007,2026,2604.14529,2026-04-16,2026-04-17,Gaoqing Meng; Mingshu Zhao,cond-mat.quant-gas; nlin.PS,https://arxiv.org/abs/2604.14529
XR008,2024,2405.09900,2024-05-16,2024-07-24,A. Vazan; C. W. Ormel; M. G. Brouwers,astro-ph.EP,https://arxiv.org/abs/2405.09900
XR009,2025,2501.13660,2025-01-23,2025-01-24,Guan-Rong Huang; Ryan P. Murphy; Lionel Porcar; Chi-Huan Tung; Changwoo Do; Wei-Ren Chen,cond-mat.soft,https://arxiv.org/abs/2501.13660
XR010,2024,2406.07427,2024-07-13,2024-07-16,Takahiro Ueda; Ryo Tazaki; Satoshi Okuzumi; Mario Flock; Prakruti Sudarshan,astro-ph.EP,https://arxiv.org/abs/2406.07427
XR011,2026,2607.08856,2026-08-24,2026-08-25,Karan Akbari,astro-ph.IM; astro-ph.SR,https://arxiv.org/abs/2607.08856
XR012,2024,2407.16852,2024-07-23,2024-07-25,Ho Fai Po; Chi Ho Yeung,physics.soc-ph; cond-mat.stat-mech; physics.app-ph,https://arxiv.org/abs/2407.16852
XR013,2024,2406.11348,2024-06-17,2024-06-18,A. Barletta; M. Celli; L. A. Sphaier; P. V. Brandao; S. Lazzari; E. Ghedini,physics.flu-dyn,https://arxiv.org/abs/2406.11348
XR014,2026,2607.08258,2026-07-09,2026-07-10,Guang-Shang Chen; Cheng-Bo Yang; Shou-Shan Bao; Yue-Liang Wu; Hong Zhang,gr-qc,https://arxiv.org/abs/2607.08258
XR015,2024,2407.09183,2025-11-28,2025-12-01,ATLAS Collaboration,hep-ex,https://arxiv.org/abs/2407.09183
XR016,2025,2509.18448,2026-06-16,2026-06-17,A. Vazquez; A. Jewell; M. Cole; A. Abdi; T. K. Le; A. McIlvenny; N. Czapla; L. Russell; A. Picksley; A. J. Gonsalves; K. Nakamura; D. W. Schumacher; Z. Eisentraut; F. Mazzini; C. B. Schroeder; J. van Tilborg; J. Osterhoff; E. Esarey; L. Obst-Huebl,physics.optics; physics.plasm-ph,https://arxiv.org/abs/2509.18448
XR017,2026,2608.27445,2026-08-27,2026-08-28,Elena Derunova; Mazhar N. Ali,cond-mat.mes-hall; cond-mat.mtrl-sci; cond-mat.other; cond-mat.str-el,https://arxiv.org/abs/2608.27445
XR018,2024,2407.13173,2024-07-18,2024-12-17,Litong Xu; Tingting Xi,physics.optics,https://arxiv.org/abs/2407.13173
XR019,2024,2406.02590,2024-05-31,2024-06-06,M. Renzo; J. A. Goldberg; A. Grichener; O. Gottlieb; M. Cantiello,astro-ph.SR; astro-ph.HE,https://arxiv.org/abs/2406.02590
XR020,2025,2507.10459,2026-04-27,2026-06-12,Leron Borsten; Hyungrok Kim,hep-th; hep-lat; math-ph; math.MP,https://arxiv.org/abs/2507.10459
XR021,2025,2507.05166,2025-07-07,2026-08-19,Saurabh Saxena; Nathaniel Ferraro; Mike F. Martin; Adelle M. Wright,physics.plasm-ph,https://arxiv.org/abs/2507.05166
XR022,2026,2605.00580,2026-08-21,2026-08-24,Ramiro Cayuso; Adrien Kuntz; Thiago Assumpcao; Miguel Bezares; Enrico Barausse,gr-qc,https://arxiv.org/abs/2605.00580
XR023,2025,2503.16986,2025-07-23,2025-07-24,Torsha Moitra; Lukas Konecny; Marius Kadek; Ofer Neufeld; Angel Rubio; Michal Repisky,physics.chem-ph,https://arxiv.org/abs/2503.16986
XR024,2026,2605.29519,2026-05-28,2026-05-29,Haorong Wu; Xilong Fan,gr-qc; astro-ph.IM,https://arxiv.org/abs/2605.29519
XR025,2026,2601.10988,2026-01-16,2026-01-19,S. S. Das; M. Senthil Kumar,cond-mat.mtrl-sci,https://arxiv.org/abs/2601.10988
XR026,2026,2606.03242,2026-06-02,2026-06-03,Luiz F. G. Rodrigues; Francisco S. N. Lobo; Manuel E. Rodrigues,gr-qc; astro-ph.HE; hep-th,https://arxiv.org/abs/2606.03242
XR027,2026,2604.23189,2026-04-25,2026-04-28,Antonio Ortiz; Robert Vertesi,hep-ph,https://arxiv.org/abs/2604.23189
XR028,2025,2505.10058,2025-10-21,2025-10-22,Toan T. Nguyen,math.AP; math-ph; math.MP,https://arxiv.org/abs/2505.10058
XR029,2025,2502.00236,2025-02-01,2025-02-04,Sara Holeman; Sanchayeeta Borthakur,astro-ph.GA,https://arxiv.org/abs/2502.00236
XR030,2025,2506.23847,2025-08-29,2025-09-01,Tiyas Das; Anuj Pratim Lara; Samudra Roy,physics.optics,https://arxiv.org/abs/2506.23847
XR031,2025,2509.09743,2025-09-11,2025-09-15,Mohammad Attrash; Roi Baer,quant-ph; cond-mat.mtrl-sci,https://arxiv.org/abs/2509.09743
XR032,2024,2401.09784,2024-08-06,2024-08-07,Metin Gürses; Yaghoub Heydarzade; Çetin Şentürk,gr-qc,https://arxiv.org/abs/2401.09784
XR033,2024,2402.13203,2024-05-08,2024-05-09,Anna-Luisa E. Römling; Akashdeep Kamra,cond-mat.mes-hall; cond-mat.mtrl-sci; quant-ph,https://arxiv.org/abs/2402.13203
XR034,2026,2605.01895,2026-06-24,2026-06-25,Maximilien Péters de Bonhome; Fabio Bacchini; Luca Pezzini; Viviane Pierrard,astro-ph.SR; physics.plasm-ph,https://arxiv.org/abs/2605.01895
XR035,2024,2408.10832,2024-08-20,2024-08-21,Kylan Schatz,math.QA; cond-mat.str-el; math-ph; math.CT; math.MP,https://arxiv.org/abs/2408.10832
XR036,2024,2407.21093,2024-07-30,2025-05-26,Narumi Nagaya; Kangmin Lee; Collin F. Perkinson; Aaron Li; Youri Lee; Xinjue Zhong; Sujin Lee; Leah P. Weisburn; Tomi K. Baikie; Moungi G. Bawendi; Troy Van Voorhis; William A. Tisdale; Antoine Kahn; Kwanyong Seo; Marc A. Baldo,cond-mat.mtrl-sci; physics.chem-ph,https://arxiv.org/abs/2407.21093
XR037,2024,2404.11196,2024-10-29,2024-11-21,Taro Nagao,math-ph; math.MP,https://arxiv.org/abs/2404.11196
XR038,2026,2607.20740,2026-07-22,2026-07-24,Kaja Krhac; Frederic P. Schuller,math-ph; math.MP,https://arxiv.org/abs/2607.20740
XR039,2024,2409.00437,2024-08-31,2024-09-04,Nicolás A. Loubet; Alejandro R. Verde; Gustavo A. Appignanesi,cond-mat.soft,https://arxiv.org/abs/2409.00437
XR040,2025,2503.19834,2025-03-25,2025-03-26,Sanchayan Banerjee; Soumya Ranjan Padhi; Tapan Mishra,cond-mat.quant-gas; cond-mat.dis-nn; cond-mat.other,https://arxiv.org/abs/2503.19834
XR041,2026,2608.08803,2026-08-26,2026-08-27,Yu Miyauchi; Hidetoshi Omiya; Atsuhisa Ota; Hiroki Takeda; Takahiro Tanaka,hep-ph; gr-qc,https://arxiv.org/abs/2608.08803
XR042,2026,2605.22998,2026-05-21,2026-05-25,Vasileios Basiouris,hep-th,https://arxiv.org/abs/2605.22998
XR043,2024,2409.19050,2024-09-27,2024-10-01,Kristen B. W. McQuinn; Max J. B. Newman; Evan D. Skillman; O. Grace Telford; Alyson Brooks; Elizabeth A. K. Adams; Danielle A. Berg; Martha L. Boyer; John M. Cannon; Andrew E. Dolphin; Anthony Pahl; Katherine L. Rhode; John J. Salzer; Roger E. Cohen; Steve R. Goldman,astro-ph.GA,https://arxiv.org/abs/2409.19050
XR044,2024,2404.03803,2024-04-04,2024-04-08,Chun-Hui Liu; Fu Li; Shengwang Du; Jianming Wen; Lan Yang; Chuanwei Zhang,quant-ph; cond-mat.quant-gas; physics.optics,https://arxiv.org/abs/2404.03803
XR045,2025,2502.14348,2025-07-07,2025-07-08,Sebastian M. Dawid; Zachary T. Draper; Andrew D. Hanlon; Ben Hörz; Colin Morningstar; Fernando Romero-López; Stephen R. Sharpe; Sarah Skinner,hep-lat; hep-ph; nucl-th,https://arxiv.org/abs/2502.14348
XR046,2024,2408.09286,2024-08-17,2024-08-20,Matías M. Reynoso,astro-ph.HE,https://arxiv.org/abs/2408.09286
XR047,2024,2402.02839,2024-12-02,2024-12-03,Pei-Rong Han; Wen Ning; Xin-Jie Huang; Ri-Hua Zheng; Shou-Bang Yang; Fan Wu; Zhen-Biao Yang; Qi-Ping Su; Chui-Ping Yang; Shi-Biao Zheng,quant-ph,https://arxiv.org/abs/2402.02839
XR048,2024,2407.10904,2025-03-12,2025-03-14,ATLAS Collaboration,hep-ex,https://arxiv.org/abs/2407.10904
XR049,2026,2602.17455,2026-02-20,2026-02-23,Christiane Rahe; Heinrich Ditler; Thorsten Tegetmeyer-Kleine; Marius Flügel; Thomas Waldmann; Margret Wohlfahrt Mehrens; Philipp Schleker; Peter Jakes; Beatrice Wolff; Josef Granwehr; Rüdiger-A. Eichel; Jiří Vacík; Giovanni Ceccio; Antonino Cannavo; Ivana Pivarníková; Ralph Gilles; Peter Müller-Buschbaum; Adrian Mikitisin; Joachim Mayer; Michael Noyong; Ulrich Simon; Marius Bolsinger; Volker Knoblauch; Dirk Uwe Sauer,cond-mat.mtrl-sci,https://arxiv.org/abs/2602.17455
XR050,2026,2604.19878,2026-04-21,2026-04-23,A. Traficante; M. J. Jimenez-Donaire; R. Indebetouw; T. Wong; A. Nucara; R. Klessen; P. Hennebelle; U. Lebreuilly; C. Mininni; S. Molinari; E. Sabbi; J. Soler,astro-ph.GA,https://arxiv.org/abs/2604.19878
XR051,2025,2506.15428,2025-09-18,2025-09-19,Ping Chen; Zi-Le Zhang; Yu Zhuge,hep-ph; hep-ex,https://arxiv.org/abs/2506.15428
XR052,2024,2409.05770,2024-09-09,2024-09-10,Kuan-Cheng Chen; Wenxuan Ma; Xiaotian Xu,quant-ph; cs.CV; cs.DC; cs.LG,https://arxiv.org/abs/2409.05770
XR053,2024,2401.15049,2024-01-26,2024-01-29,Pedro M. F. Pereira,hep-ph,https://arxiv.org/abs/2401.15049
XR054,2025,2503.22253,2025-03-28,2025-03-31,Anirban Misra; Urbashi Satpathi; Supurna Sinha; Sanjukta Roy; Saptarishi Chaudhuri,cond-mat.quant-gas; cond-mat.stat-mech; physics.atom-ph; quant-ph,https://arxiv.org/abs/2503.22253
XR055,2024,2407.09846,2024-07-13,2024-07-16,N. Sokołowska; V. Guadilla; C. Mazzocchi; R. Ahmed; M. Borge; G. Cardella; A. A. Ciemny; L. G. Cosentino; E. De Filippo; V. Fedosseev; A. Fijałkowska; L. M. Fraile; E. Geraci; A. Giska; B. Gnoffo; C. Granados; Z. Janas; Ł. Janiak; K. Johnston; G. Kamiński; A. Korgul; A. Kubiela; C. Maiolino; B. Marsh; N. S. Martorana; K. Miernik; P. Molkanov; J. D. Ovejas; E. V. Pagano; S. Pirrone; M. Pomorski; A. M. Quynh; K. Riisager; A. Russo; P. Russotto; A. Świercz; S. Viñals; S. Wilkins; M. Pfützner,nucl-ex,https://arxiv.org/abs/2407.09846
XR056,2024,2406.11606,2024-06-14,2024-06-18,Junjie Lu; Tobias Hofmann; Hans-Jürgen Stöckmann; Ulrich Kuhl,physics.class-ph,https://arxiv.org/abs/2406.11606
XR057,2025,2502.14431,2025-02-20,2025-02-21,Buddha Nath Sharma; Anish Rai; SR Luwang; Md. Nurujjaman; Sushovan Majhi,q-fin.ST; math.AT; physics.data-an,https://arxiv.org/abs/2502.14431
XR058,2025,2502.20013,2025-02-27,2025-02-28,Emma Vancayseele; Philip Desenfans; Zifeng Gong; Dries Vanoost; Herbert De Gersem; Davy Pissoort,eess.SY; cs.SY; physics.app-ph,https://arxiv.org/abs/2502.20013
XR059,2024,2405.19859,2024-10-15,2024-11-21,G. Bastien; D. Repček; A. Eliáš; A. Kancko; Q. Courtade; T. Haidamak; M. Savinov; V. Bovtun; M. Kempa; K. Carva; M. Vališka; P. Doležal; M. Kratochvílová; S. A. Barnett; P. Proschek; J. Prokleška; C. Kadlec; P. Kužel; R. H. Colman; S. Kamba,cond-mat.str-el; cond-mat.mtrl-sci; cond-mat.stat-mech,https://arxiv.org/abs/2405.19859
XR060,2025,2507.07888,2025-07-10,2025-07-11,Manuel Dedola; Ludovico Cademartiri,cond-mat.soft; cond-mat.dis-nn; cond-mat.mes-hall; cond-mat.other; cond-mat.stat-mech,https://arxiv.org/abs/2507.07888
XR061,2026,2605.25243,2026-05-24,2026-05-28,Yong-Xiang Su; Qi-Xin Xie; Shuang-Yong Zhou,hep-th; hep-lat; hep-ph,https://arxiv.org/abs/2605.25243
XR062,2024,2407.06049,2024-07-08,2024-07-09,T. H. B. Demont; S. K. F. Stoter; C. Diddens; E. H. van Brummelen,math.NA; cs.NA; physics.flu-dyn,https://arxiv.org/abs/2407.06049
XR063,2024,2409.05666,2024-09-09,2024-09-10,Shiru Wang; Yao Chen; Lesley A. Jarvis; Yucheng Tang; David J. Gladstone; Kimberley S. Samkoe; Brian W. Pogue; Petr Bruza; Rongxiao Zhang,eess.IV; cs.CV; physics.med-ph,https://arxiv.org/abs/2409.05666
XR064,2026,2604.12222,2026-04-14,2026-04-15,Jun Takeshita; Kei Hirose; Suyu Fu; Fumiya Sakai; Koutaro Hikosaka,cond-mat.mtrl-sci; astro-ph.EP,https://arxiv.org/abs/2604.12222
XR065,2024,2406.04125,2025-03-08,2025-03-11,Takayuki Hirayama,hep-th; hep-lat; quant-ph,https://arxiv.org/abs/2406.04125
XR066,2025,2502.05136,2025-02-07,2025-02-10,David Cui; Laura Mančinska; Seyed Sajjad Nezhadi; David E. Roberson,quant-ph,https://arxiv.org/abs/2502.05136
XR067,2026,2602.23213,2026-07-06,2026-07-07,Paul Ludwig; Timo Jakobs; Carsten Urbach,hep-lat; quant-ph,https://arxiv.org/abs/2602.23213
XR068,2025,2508.13147,2025-08-29,2025-09-03,Gautham Varma K; Azaz Ahmad; Gargee Sharma,cond-mat.mes-hall,https://arxiv.org/abs/2508.13147
XR069,2026,2608.27023,2026-08-27,2026-08-28,Nicolas Kovensky; Andreas Schmitt,hep-ph; hep-th; nucl-th,https://arxiv.org/abs/2608.27023
XR070,2025,2501.01098,2025-01-02,2025-01-03,Myung-Hoon Chung,cond-mat.stat-mech; quant-ph,https://arxiv.org/abs/2501.01098
XR071,2026,2607.13777,2026-08-26,2026-08-27,Mohamed Houssein Mohamed; Odette Tannous; Camille Muller; Daniel Borgis; Francesca Ingrosso; Luc Belloni; Antoine Carof,physics.chem-ph,https://arxiv.org/abs/2607.13777
XR072,2024,2404.07087,2024-11-23,2024-11-26,Wen-Yu Su; Yu-Jing Liu; Nvsen Ma; Chen Cheng,cond-mat.stat-mech,https://arxiv.org/abs/2404.07087
XR073,2024,2402.12013,2025-08-20,2025-08-21,Augustin Lafay; Ian Le; Julien Roussillon,math-ph; hep-th; math.MP,https://arxiv.org/abs/2402.12013
XR074,2026,2603.23751,2026-03-24,2026-03-26,Amy Damitz; George Burns; Yuan-Yu Jau,physics.atom-ph; physics.app-ph; physics.ins-det; quant-ph,https://arxiv.org/abs/2603.23751
XR075,2024,2402.07974,2024-02-12,2024-02-16,Andrew Y. Guo; Jeremy T. Young; Ron Belyansky; Przemyslaw Bienias; Alexey V. Gorshkov,quant-ph; cond-mat.quant-gas; physics.atom-ph,https://arxiv.org/abs/2402.07974
XR076,2024,2403.06240,2024-06-03,2024-06-04,Jhon Yana Galarza; Thiago Ferreira; Diego Lorenzo-Oliveira; Joshua D. Simon; Henrique Reggiani; Anthony L. Piro; R. Paul Butler; Yuri Netto; Adriana Valio; David R. Ciardi; Boris Safonov,astro-ph.EP; astro-ph.SR,https://arxiv.org/abs/2403.06240
XR077,2025,2508.20575,2025-10-28,2025-12-30,Muhammad Haider Khan; Volker Perlick,gr-qc,https://arxiv.org/abs/2508.20575
XR078,2025,2504.17138,2025-04-23,2025-04-25,Krzysztof Wójcik,astro-ph.IM,https://arxiv.org/abs/2504.17138
XR079,2026,2601.12651,2026-01-19,2026-01-21,Jeongho Bang; Kyoungho Cho; Jeongwoo Jae,quant-ph,https://arxiv.org/abs/2601.12651
XR080,2024,2406.19455,2024-06-27,2024-07-01,Hooman Davoudiasl; Marvin Schnubel,hep-ph,https://arxiv.org/abs/2406.19455
XR081,2026,2601.22641,2026-05-10,2026-05-12,Yuichi Masubuchi,cond-mat.soft,https://arxiv.org/abs/2601.22641
XR082,2025,2503.13629,2025-07-24,2025-07-25,V. Pugatch; F. Alessio; V. Balagura; F. Blanc; S. Chernyshenko; V. Dobishuk; V. Kyva; O. Okhrimenko; D. Ramazanov; H. Schindler; O. Schneider,physics.ins-det; hep-ex,https://arxiv.org/abs/2503.13629
XR083,2025,2502.07895,2025-02-11,2025-02-13,Abbas Ghaffari; Somayeh Kashani; Jiazhen Li; Paschalis Gkoupidenis; Robert Riehn; Qing Gu,physics.optics,https://arxiv.org/abs/2502.07895
XR084,2025,2506.18664,2026-05-28,2026-05-29,Gerardo Campos-Villalobos; André F. V. Matias; Ethan I. L. Jull; Lisa Tran; Marjolein Dijkstra,cond-mat.soft,https://arxiv.org/abs/2506.18664
XR085,2025,2505.01710,2025-05-03,2025-05-06,Taewan Kim; Jubee Sohn; Ho Seong Hwang,astro-ph.CO; astro-ph.IM,https://arxiv.org/abs/2505.01710
XR086,2024,2408.10253,2024-09-17,2024-12-16,Bartosz Jura,q-bio.NC; math-ph; math.MP; physics.hist-ph,https://arxiv.org/abs/2408.10253
XR087,2025,2504.05016,2025-04-07,2025-04-08,I. Fattal; J. Van Damme; B. Raes; C. Godfrin; G. Jaliel; K. Chen; T. Van Caekenberghe; A. Loenders; S. Kubicek; S. Massar; Y. Canvel; J. Jussot; Y. Shimura; R. Loo; D. Wan; M. Mongillo; K. De Greve,cond-mat.mes-hall; physics.app-ph,https://arxiv.org/abs/2504.05016
XR088,2024,2403.05432,2024-03-08,2024-12-10,Sufyan Shehada; Manuel dos Santos Dias; Muayad Abusaa; Samir Lounis,cond-mat.mes-hall,https://arxiv.org/abs/2403.05432
XR089,2024,2409.05313,2025-01-15,2025-01-16,Qiu-Xia Yi; Ya-Ru Wang; Shu-Jun Rong,hep-ph,https://arxiv.org/abs/2409.05313
XR090,2025,2505.03524,2026-03-14,2026-03-17,Yang Zhou; Jing-Yang Liu; Chun-Hui Zhang; Chun-Wang Yi; Teng-Wen Jiang; Le-Chen Xu; Qin Wang,quant-ph,https://arxiv.org/abs/2505.03524
XR091,2025,2505.01407,2025-10-13,2025-10-14,Ranjeet Kumar; Newton Nath; Rahul Srivastava; Sushant Yadav,hep-ph; hep-ex,https://arxiv.org/abs/2505.01407
XR092,2026,2609.07829,2026-09-07,2026-09-09,Friederike Ihssen; Benjamin Knorr; Silas Mezger; Jan M. Pawlowski; Paul P. Sprenger,hep-th; gr-qc,https://arxiv.org/abs/2609.07829
XR093,2024,2408.03155,2024-08-03,2024-08-07,Saisneha Koppaka; David Doan; Wei Cai; Wendy Gu; Sindy K. Y. Tang,physics.med-ph; cond-mat.soft,https://arxiv.org/abs/2408.03155
XR094,2026,2603.26242,2026-03-27,2026-03-30,Robbie G. Hunt; Gunnar K. Pálsson; Matías P. Grassi; Victoria Kabanova; Alexey Vorobiev; Gabriella Andersson,cond-mat.mtrl-sci,https://arxiv.org/abs/2603.26242
XR095,2024,2401.14312,2024-01-25,2024-01-26,Petra Shih; Timothy C. Berkelbach,cond-mat.mtrl-sci; physics.chem-ph,https://arxiv.org/abs/2401.14312
XR096,2025,2504.21570,2025-04-30,2025-05-01,Volodymyr Nosenko,physics.plasm-ph,https://arxiv.org/abs/2504.21570
XR097,2026,2607.14223,2026-07-15,2026-07-17,Hang Dong; Jie Ren; Andrew Hallam; Han Wang; Zhengyi Cui; Yiren Zou; Junlin Wang; Hekang Li; Qiujiang Guo; Zhen Wang; Lei Ying; Zlatko Papic,quant-ph; cond-mat.stat-mech; cond-mat.str-el; nlin.CD,https://arxiv.org/abs/2607.14223
XR098,2024,2406.13644,2024-10-27,2025-07-16,Alan E. Lindsay; Andrew J. Bernoff,math.NA; cs.NA; math.AP; physics.bio-ph; q-bio.QM,https://arxiv.org/abs/2406.13644
XR099,2024,2409.11455,2024-09-17,2024-09-19,Qinghua Lei; Didier Sornette,physics.geo-ph,https://arxiv.org/abs/2409.11455
XR100,2026,2605.10839,2026-05-11,2026-05-12,Paul Kairys; Phillip C. Lotshaw,quant-ph; cond-mat.other,https://arxiv.org/abs/2605.10839
XR101,2026,2605.04900,2026-05-06,2026-05-07,Diyan Unmu Dzujah; Hongde Yu; Thomas Heine,cond-mat.mes-hall; cond-mat.mtrl-sci,https://arxiv.org/abs/2605.04900
XR102,2024,2406.17421,2024-06-25,2024-06-26,Haoran Fan; Yue Chen; Yuchen Gu; Yuan Li; Xi Lin,cond-mat.str-el,https://arxiv.org/abs/2406.17421
XR103,2026,2605.15200,2026-05-25,2026-05-26,Ryan Thorngren; Lei Gioia; Carolyn Zhang,quant-ph; cond-mat.mes-hall; cond-mat.str-el; math-ph; math.MP,https://arxiv.org/abs/2605.15200
XR104,2026,2608.10087,2026-08-10,2026-08-12,Abhishek Agarwal; Masum Uddin; Shroya Vaidya; Lachlan P. Lindoy; Ehsaneh Daghigh Ahmadi; Tobias Lindström; Sebastian E. de Graaf; Ivan Rungger,quant-ph,https://arxiv.org/abs/2608.10087
XR105,2025,2501.12882,2025-01-22,2025-01-23,Branislava Lalic; Ana Firanj Sremac,physics.ao-ph,https://arxiv.org/abs/2501.12882
XR106,2025,2505.21747,2025-05-27,2025-05-29,K. L. Luhman,astro-ph.SR,https://arxiv.org/abs/2505.21747
XR107,2024,2402.19430,2024-02-29,2024-03-01,Lucia Garozzo; Alfredo Guevara,hep-th,https://arxiv.org/abs/2402.19430
XR108,2026,2602.09790,2026-02-10,2026-02-11,Alberto Barlini; Julien Bloino; Henrik Koch; Tommaso Giovannini,physics.chem-ph,https://arxiv.org/abs/2602.09790
XR109,2026,2608.22684,2026-08-24,2026-08-25,Yan Hong; Tongtong Xu; Limin Gao,quant-ph,https://arxiv.org/abs/2608.22684
XR110,2025,2509.03225,2025-09-03,2025-09-04,D. S. Bondar; C. A. Lindstrøm; V. I. Maslov; I. N. Onishchenko,physics.plasm-ph; physics.acc-ph,https://arxiv.org/abs/2509.03225
XR111,2024,2408.10954,2025-02-19,2025-03-17,Amarnath Chakraborty; Aleksandr Rodin; Shaffique Adam; Giovanni Vignale,cond-mat.mes-hall; cond-mat.mtrl-sci; cond-mat.str-el,https://arxiv.org/abs/2408.10954
XR112,2024,2406.07197,2024-06-11,2024-06-12,Roman V. Ovcharov; Victor H. González; Artem Litvinenko; Johan Åkerman; Roman S. Khymyn,math-ph; cond-mat.stat-mech; math.MP,https://arxiv.org/abs/2406.07197
XR113,2026,2605.12627,2026-05-12,2026-05-14,Allison Youngblood; Alexis Brandeker; Sebastian Perez; Aki Roberge; Alycia Weinberger; Meredith A. MacGregor; Barry Welsh,astro-ph.EP; astro-ph.SR,https://arxiv.org/abs/2605.12627
XR114,2024,2408.00225,2024-08-01,2024-08-02,Anabel Ovide; Daniele Cuomo; Carmen G. Almudever,quant-ph; cs.ET,https://arxiv.org/abs/2408.00225
XR115,2026,2604.10729,2026-08-19,2026-08-20,CMS Collaboration,hep-ex,https://arxiv.org/abs/2604.10729
XR116,2026,2605.12721,2026-05-12,2026-07-30,Tobin M. Wainer; Benjamin F. Williams; Zhuo Chen; Margaret Lazzarini; Julianne J. Dalcanton; Eric F. Bell; Kameron Goold; Andrew Dolphin; Meredith J. Durbin; Stefany L. Fabian Dubón; Karoline M. Gilbert; Puragra Guhathakurta; Francois Hammer; L. Clifton Johnson; Eric W. Koch; Kristen. B. W. McQuinn; Ekta Patel; Vaishnav V. Rao; Julia Roman-Duval; Adam Smercina; Debby Tran; Daniel R. Weisz,astro-ph.GA,https://arxiv.org/abs/2605.12721
XR117,2024,2408.15712,2024-11-18,2025-01-15,Nafiz Ishtiaque; Saebyeok Jeong; Yehao Zhou,hep-th; math-ph; math.MP; math.QA; math.RT,https://arxiv.org/abs/2408.15712
XR118,2026,2606.23952,2026-06-22,2026-06-24,Austin R. Gamble Jarvi; Hamid R. Mohebbi; Ishit Raval; Omari Culzac; Jack Erickson; Sameh Hegazy; Don Carkner; Andrew Wiles; David G. Cory; Troy W. Borneman,quant-ph,https://arxiv.org/abs/2606.23952
XR119,2024,2408.06932,2024-08-13,2024-08-14,Chongsheng Cao; Jinkai Li; Edriss S. Titi; Dong Wang,math.AP; math-ph; math.MP,https://arxiv.org/abs/2408.06932
XR120,2026,2604.07571,2026-04-08,2026-04-10,S. Raudeliūnas; R. P. Boyle; R. Janusz; J. Zdanavičius; M. Maskoliūnas; D. Semionov; K. Černis; V. Čepas; A. Kazlauskas,astro-ph.GA,https://arxiv.org/abs/2604.07571
XR121,2026,2608.08369,2026-08-08,2026-08-11,Lulu Zhang; Chris Packham; Erin K. S. Hicks; Ismael García-Bernete; Almudena Alonso-Herrero; Ric I. Davies; Martin J. Ward; Daniel E. Delaney; Takuma Izumi; Dimitra Rigopoulou; Cristina Ramos Almeida; Omaira González-Martín; Rogemar A. Riffel; Claudio Ricci; Montserrat Villar-Martín; Francoise Combes; Miguel Pereira-Santaella; Sebastian F. Hoenig; Andrew J. Bunker; Peter G. Boorman; Enrica Bellocchi; Nancy A. Levenson; Santiago García-Burillo; Fergus R. Donnan; Anelise Audibert; Lindsay Fuller; Tanio Díaz-Santos; David J. Rosario,astro-ph.GA,https://arxiv.org/abs/2608.08369
XR122,2024,2409.15696,2025-04-14,2025-05-23,Satoshi Iguchi; Hiroki Kobayashi; Yuka Ikemoto; Tetsuya Furukawa; Hirotake Itoh; Shinichiro Iwai; Taro Moriwaki; Takahiko Sasaki,cond-mat.str-el,https://arxiv.org/abs/2409.15696
XR123,2024,2405.04055,2024-05-07,2024-05-08,Zied Ammari; Shahnaz Farhat; Sören Petrat,math-ph; math.MP,https://arxiv.org/abs/2405.04055
XR124,2026,2601.06694,2026-06-16,2026-06-17,Richard Kerner; Jerzy Lukierski,hep-ph; hep-th,https://arxiv.org/abs/2601.06694
XR125,2026,2606.18944,2026-07-05,2026-07-07,Victor Edmonds,astro-ph.SR; physics.plasm-ph; physics.space-ph,https://arxiv.org/abs/2606.18944
XR126,2025,2503.16113,2025-03-20,2025-03-21,Liang Zhang; Zhiwei Fan; Yiming Pan,physics.optics; cond-mat.mtrl-sci; math-ph; math.MP; nlin.PS; quant-ph,https://arxiv.org/abs/2503.16113
XR127,2025,2502.03222,2025-02-05,2025-02-19,Kilian Sandholzer; Stephan Rinner; Justus Edelmann; Andreas Reiserer,quant-ph; cond-mat.other,https://arxiv.org/abs/2502.03222
XR128,2024,2408.00321,2024-08-01,2024-08-02,Shuang-Liang Li; Wenwen Zuo; Xinwu Cao,astro-ph.GA,https://arxiv.org/abs/2408.00321
XR129,2025,2507.01010,2025-07-06,2025-07-08,Ming Zhang; Wen-Di Tan; Mengqi Lu; Dyuman Bhattacharya; Jiayue Yang; Robert B. Mann,hep-th; gr-qc,https://arxiv.org/abs/2507.01010
XR130,2025,2501.08268,2025-01-14,2025-09-10,S. Mascia; L. Pentericci; M. Llerena; A. Calabrò; J. Matthee; S. Flury; F. Pacucci; A. Jaskot; R. O. Amorín; R. Bhatawdekar; M. Castellano; N. Cleri; L. Costantin; K. Davis; C. Di Cesare; M. Dickinson; A. Fontana; Y. Guo; M. Giavalisco; B. W. Holwerda; W. Hu; M. Huertas-Company; Intae Jung; J. Kartaltepe; D. Kashino; Anton M. Koekemoer; R. A. Lucas; J. Lotz; L. Napolitano; S. Jogee; S. Wilkins,astro-ph.GA,https://arxiv.org/abs/2501.08268
XR131,2026,2604.26675,2026-07-24,2026-07-27,Ralntion Komini; Aikaterini Mandilara; Georgios Maragkopoulos; Dimitris Syvridis,quant-ph; cs.LG,https://arxiv.org/abs/2604.26675
XR132,2026,2605.15717,2026-05-15,2026-05-18,Matyas Molnar; Daniel Kincses; Mate Csanad,nucl-th; hep-ph; nucl-ex,https://arxiv.org/abs/2605.15717
XR133,2026,2607.05618,2026-07-06,2026-07-08,M. A. Balcewicz; J. Eldred,physics.acc-ph,https://arxiv.org/abs/2607.05618
XR134,2025,2505.14342,2025-05-20,2025-05-21,Clàudia Soriano-Guerrero; Daniele Viganò; Rosalba Perna; Albert Elias-López; Hayley Beltz,astro-ph.EP,https://arxiv.org/abs/2505.14342
XR135,2024,2404.06499,2024-06-10,2024-06-11,Doruk Aksoy; Jian Luo; Penghui Cao; Timothy J. Rupert,cond-mat.mtrl-sci,https://arxiv.org/abs/2404.06499
XR136,2026,2608.10951,2026-08-11,2026-08-12,Dongfen Bian; Gérard Iooss,math.AP; physics.flu-dyn,https://arxiv.org/abs/2608.10951
XR137,2025,2501.05013,2025-01-09,2025-02-12,P. Ventura; S. Tosi; D. A. García-Hernández; F. Dell'Agli; D. Kamath; L. Stanghellini; S. Bianchi; M. Tailo; M. A. Gómez-Muñoz,astro-ph.SR; astro-ph.GA,https://arxiv.org/abs/2501.05013
XR138,2026,2604.27015,2026-05-01,2026-08-04,Mithilesh Kumar; Yusuf Tahir; Varun Daiya; Sanjana Mattaparthi; Aarav Shaurya,quant-ph,https://arxiv.org/abs/2604.27015
XR139,2025,2502.01733,2025-09-27,2026-02-19,Charlie Sharpe; Yonadav Barry Ginat; Zeyuan Xuan; Bence Kocsis,gr-qc; astro-ph.CO; astro-ph.GA,https://arxiv.org/abs/2502.01733
XR140,2025,2503.17568,2025-03-21,2025-03-25,Markel Pardo-Almanza; Yuita Fujisawa; Takatsugu Onishi; Chia Hsiu Hsu; Alec P. LaGrow; Yoshinori Okada,cond-mat.mtrl-sci; cond-mat.str-el,https://arxiv.org/abs/2503.17568
XR141,2026,2604.02466,2026-04-02,2026-09-03,Joan Gimeno; Luke T. Peterson,math.DS; astro-ph.EP; math-ph; math.MP,https://arxiv.org/abs/2604.02466
XR142,2025,2509.06815,2026-02-18,2026-02-19,V. M. Gorkavenko; O. V. Barabash; I. V. Ivanchenko; P. O. Nakaznyi; M. S. Tsarenkova; N. S. Yakovenko; A. O. Zaporozhchenko,hep-th; math-ph; math.MP; quant-ph,https://arxiv.org/abs/2509.06815
XR143,2025,2508.07912,2025-10-12,2025-10-14,F. Hanassi-Savari; A. G. M. Pietrow; M. K. Druett; M. Cretignier; M. Ellwarth,astro-ph.SR; astro-ph.EP; astro-ph.IM,https://arxiv.org/abs/2508.07912
XR144,2026,2606.09438,2026-07-03,2026-07-07,Pietro Fré; Alexander S. Sorin; Mario Trigiante,hep-th; cs.IT; math-ph; math.IT; math.MP,https://arxiv.org/abs/2606.09438
XR145,2026,2608.12978,2026-08-13,2026-08-14,Lilia Huynh; Jason Bessonnet; Lucas Fr{é}d{é}ric; C{é}line Fiorini-Debuisschert; Simon Vassant; H{é}l{è}ne Fensterbank; Emmanuel Allard; David Kreher; Fabrice Charra; Nicolas Fabre,cond-mat.mtrl-sci,https://arxiv.org/abs/2608.12978
XR146,2025,2502.18804,2025-02-26,2025-02-27,Sami Mabrouk; Sergei Silvestrov; Fatma Zouaidi,math.RA; math-ph; math.MP; math.QA,https://arxiv.org/abs/2502.18804
XR147,2025,2507.19106,2025-07-25,2025-07-28,Yaniv Almog; Bernard Helffer,math.AP; math-ph; math.MP,https://arxiv.org/abs/2507.19106
XR148,2025,2504.08944,2025-04-11,2025-04-15,Gal Gumpel; Jiwon Kang; Eliya Blumenthal; Aron Klevansky; Eunseong Kim; Shay Hacohen-Gourgy,quant-ph,https://arxiv.org/abs/2504.08944
XR149,2024,2408.09575,2024-08-18,2024-08-20,G. J. Chaplain; A. S. Gliozzi; B. Davies; D. Urban; E. Descrovi; F. Bosia; R. V. Craster,physics.app-ph; physics.optics,https://arxiv.org/abs/2408.09575
XR150,2024,2402.17398,2024-07-04,2025-03-31,Nishikanta Mohanty; Bikash K. Behera; Christopher Ferrie; Pravat Dash,quant-ph; cs.AI; cs.LG,https://arxiv.org/abs/2402.17398
XR151,2024,2409.17976,2025-03-10,2025-04-01,Hridoy Debnath; Pavel Fileviez Perez; Kevin Gonzalez-Quesada,hep-ph; astro-ph.CO; hep-ex,https://arxiv.org/abs/2409.17976
XR152,2024,2408.02093,2024-12-04,2025-01-20,Kok Wai Lee; Mateo Jalen Andrew Calderon; Xiang-Long Yu; Ching Hua Lee; Yee Sin Ang; Pei-Hao Fu,cond-mat.mes-hall; cond-mat.mtrl-sci,https://arxiv.org/abs/2408.02093
XR153,2025,2506.14703,2025-06-17,2025-06-18,Stijn V. Kleijweg; Philippe Corboz,cond-mat.str-el; cond-mat.quant-gas,https://arxiv.org/abs/2506.14703
XR154,2024,2406.11324,2024-06-17,2026-01-08,Eric Bertin; Alex Andrix; Gaël Le Godais,physics.flu-dyn; cond-mat.soft; cond-mat.stat-mech,https://arxiv.org/abs/2406.11324
XR155,2025,2506.20645,2025-06-25,2025-06-26,Jessica Kedziora; Eric Q. Bui; Alec Yen; Andres E. Lombo; Kaidong Peng; Terence J. Weir; Kevin P. O'Brien,quant-ph,https://arxiv.org/abs/2506.20645
XR156,2026,2602.12240,2026-02-12,2026-02-13,Venkat Kapil,physics.chem-ph,https://arxiv.org/abs/2602.12240
XR157,2025,2509.07726,2025-09-09,2025-09-10,Abolfazl Ahmadirahmat; Michele Caraglio; Vincent Krakoviack; Thomas Franosch,cond-mat.soft; cond-mat.other; cond-mat.stat-mech,https://arxiv.org/abs/2509.07726
XR158,2025,2506.14368,2025-06-17,2025-07-30,Ashish Kumar; Adam T. Deller; Pankaj Jain; Javier Moldón,astro-ph.HE; astro-ph.GA; astro-ph.IM; astro-ph.SR,https://arxiv.org/abs/2506.14368
XR159,2025,2507.07090,2025-07-17,2025-07-18,Ralf M. Konietzka; Liam Connor; Vadim A. Semenov; Angus Beane; Volker Springel; Lars Hernquist,astro-ph.CO,https://arxiv.org/abs/2507.07090
XR160,2025,2509.09692,2025-08-26,2025-09-15,Nikhil Sethia; Joseph Sushil Rao; Amit Manicka; Michael L. Etheridge; Erik B. Finger; John C. Bischof; Cari S. Dutcher,physics.app-ph; cond-mat.soft,https://arxiv.org/abs/2509.09692
XR161,2025,2501.01863,2025-01-03,2025-01-06,Zaizhou Xin; Yang Zhong; Xingao Gong; Hongjun Xiang,cond-mat.mtrl-sci; physics.chem-ph; physics.comp-ph,https://arxiv.org/abs/2501.01863
XR162,2025,2507.17238,2026-06-08,2026-06-16,Kartik Panda; Itzik Kapon; Dumitru Dumcenco; Dirk van der Marel; Alexey Kuzmenko; Nimrod Bachar,cond-mat.str-el,https://arxiv.org/abs/2507.17238
XR163,2026,2606.20865,2026-06-18,2026-06-23,Collin R. Brown; Gregory G. Howes; Kristopher G. Klein; Jason M. TenBarge,physics.plasm-ph,https://arxiv.org/abs/2606.20865
XR164,2025,2507.02557,2026-02-24,2026-02-25,S. L. Wu; W. Ma; Zhao-Ming Wang; P. Brumer; Lian-Ao Wu,quant-ph,https://arxiv.org/abs/2507.02557
XR165,2026,2604.23075,2026-04-25,2026-04-28,Ivan Etoku Oiye; Ajay Sharma; Sairam Geethanath,physics.med-ph; physics.ins-det,https://arxiv.org/abs/2604.23075
XR166,2026,2602.11269,2026-04-15,2026-04-16,Huanqing Chen; Camille Avestruz; Jakob Wiest,astro-ph.GA; astro-ph.CO,https://arxiv.org/abs/2602.11269
XR167,2025,2509.20236,2025-09-24,2025-09-25,Renaud Boussarie; Paul Caucal; Yacine Mehtar-Tani,hep-ph; hep-th; nucl-th,https://arxiv.org/abs/2509.20236
XR168,2025,2504.00114,2025-03-31,2025-04-02,Shiang-Yu Huang; Shreya Kumar; Jeldrik Huster; Yannick Augenstein; Carsten Rockstuhl; Stefanie Barz,quant-ph,https://arxiv.org/abs/2504.00114
XR169,2025,2505.10432,2025-12-18,2025-12-22,Randy J. Chase; Katherine Haynes; Lander Ver Hoef; Imme Ebert-Uphoff,cs.LG; physics.ao-ph,https://arxiv.org/abs/2505.10432
XR170,2024,2404.10711,2024-04-16,2024-04-17,Hui-Ting Zhang; Sheng-Bang Qian; Wen-Ping Liao; B. Soonthornthum; N. Sarotsakulchai,astro-ph.SR,https://arxiv.org/abs/2404.10711
XR171,2024,2407.10939,2024-07-15,2024-07-16,Bernardo Araneda,gr-qc; hep-th; math-ph; math.MP,https://arxiv.org/abs/2407.10939
XR172,2025,2501.16407,2025-04-14,2025-04-15,Xiantong An; Weiye Sun; Zhehao Xu; Wanting Xiao; Miaomiao Ren; Mucheng Guo; Shuping Liu; Fudong Wang; Manjin Zhong,cond-mat.mtrl-sci,https://arxiv.org/abs/2501.16407
XR173,2026,2606.20729,2026-06-17,2026-06-23,Masaya Hagai; Yuta Suzuki; Tomoya Murata; Shuhei Kurita; Masaki Adachi,physics.chem-ph; cond-mat.mtrl-sci; cs.AI; cs.LG,https://arxiv.org/abs/2606.20729
XR174,2024,2404.09916,2024-08-02,2025-01-15,Nico Meyer; Martin Röhn; Jakob Murauer; Axel Plinge; Christopher Mutschler; Daniel D. Scherer,quant-ph; cs.LG; cs.SE,https://arxiv.org/abs/2404.09916
XR175,2026,2603.26633,2026-03-27,2026-03-30,Henning Bahl; Johannes Braathen; Martin Gabelmann; Sven Heinemeyer; Kateryna Radchenko Serdula; Alain Verduras Schaeidt; Georg Weiglein,hep-ph,https://arxiv.org/abs/2603.26633
XR176,2025,2508.03850,2025-08-05,2025-08-07,Jessica L. Rosenberg; Nancy Holincheck,physics.ed-ph,https://arxiv.org/abs/2508.03850
XR177,2026,2603.09027,2026-03-24,2026-08-21,Thomas B. Schrøder; Jeppe C. Dyre; Camille Scalliet,cond-mat.soft,https://arxiv.org/abs/2603.09027
XR178,2026,2602.05979,2026-02-12,2026-02-16,Vineeth Krishna; Finn Larsen,hep-th,https://arxiv.org/abs/2602.05979
XR179,2026,2603.22475,2026-03-23,2026-05-11,Euclid Collaboration; S. Joudaki; V. Pettorino; L. Blot; M. Bonici; S. Camera; G. Cañas-Herrera; V. F. Cardone; P. Carrilho; S. Casas; S. Davini; S. Di Domizio; S. Farrens; L. W. K. Goh; S. Gouyou Beauchamps; S. Ilić; F. Keil; A. M. C. Le Brun; M. Martinelli; C. Moretti; A. Pezzotta; Z. Sakr; A. G. Sánchez; D. Sciotti; K. Tanidis; I. Tutusaus; V. Ajani; S. Alvi; M. Crocce; A. C. Deshpande; A. Fumagalli; C. Giocoli; A. G. Ferrari; R. Kou; L. Legrand; M. Lembo; G. F. Lesci; D. Navarro-Gironés; A. Nouri-Zonoz; S. Pamuk; L. Pagano; M. Tsedrik; S. Arcari; E. Artis; M. Ballardini; J. Bel; C. Carbone; M. Costanzi; B. De Caro; C. A. J. Duncan; G. Fabbian; M. Kilbinger; T. Kitching; F. Lacasa; M. Lattanzi; J. Olivares-Miranda; L. Salvati; D. Sapone; B. Sartoris; E. Sellentin; P. L. Taylor; B. Altieri; A. Amara; L. Amendola; S. Andreon; N. Auricchio; C. Baccigalupi; M. Baldi; S. Bardelli; P. Battaglia; A. Biviano; D. Bonino; E. Branchini; M. Brescia; J. Brinchmann; A. Caillat; V. Capobianco; J. Carretero; M. Castellano; G. Castignani; S. Cavuoti; K. C. Chambers; A. Cimatti; C. Colodro-Conde; G. Congedo; C. J. Conselice; L. Conversi; Y. Copin; F. Courbin; H. M. Courtois; A. Da Silva; H. Degaudenzi; S. de la Torre; G. De Lucia; A. M. Di Giorgio; H. Dole; F. Dubath; X. Dupac; S. Dusini; A. Ealet; S. Escoffier; M. Farina; R. Farinelli; F. Faustini; S. Ferriol; F. Finelli; P. Fosalba; S. Fotopoulou; N. Fourmanoit; M. Frailis; E. Franceschi; M. Fumana; S. Galeotta; K. George; W. Gillard; B. Gillis; J. Gracia-Carpio; B. R. Granett; A. Grazian; F. Grupp; L. Guzzo; S. V. H. Haugan; H. Hoekstra; W. Holmes; I. Hook; F. Hormuth; A. Hornstrup; P. Hudelot; K. Jahnke; M. Jhabvala; E. Keihänen; S. Kermiche; A. Kiessling; B. Kubik; K. Kuijken; M. Kümmel; M. Kunz; H. Kurki-Suonio; S. Ligori; P. B. Lilje; V. Lindholm; I. Lloro; G. Mainetti; D. Maino; E. Maiorano; O. Mansutti; O. Marggraf; N. Martinet; F. Marulli; R. Massey; S. Maurogordato; H. J. McCracken; E. Medinaceli; S. Mei; Y. Mellier; M. Meneghetti; E. Merlin; G. Meylan; A. Mora; M. Moresco; L. Moscardini; S. Mourre; E. Munari; R. Nakajima; C. Neissner; S. -M. Niemi; J. W. Nightingale; C. Padilla; S. Paltani; F. Pasian; K. Pedersen; W. J. Percival; S. Pires; G. Polenta; M. Poncet; L. A. Popa; L. Pozzetti; F. Raison; R. Rebolo; A. Renzi; J. Rhodes; G. Riccio; E. Romelli; M. Roncarelli; R. Saglia; J. A. Schewtschenko; M. Schirmer; P. Schneider; T. Schrabback; A. Secroun; E. Sefusatti; G. Seidel; M. Seiffert; S. Serrano; P. Simon; C. Sirignano; G. Sirri; A. Spurio Mancini; L. Stanco; J. -L. Starck; J. Steinwagner; P. Tallada-Crespí; A. N. Taylor; I. Tereno; S. Toft; R. Toledo-Moreo; F. Torradeflot; L. Valenziano; J. Valiviita; T. Vassallo; G. Verdoes Kleijn; A. Veropalumbo; Y. Wang; J. Weller; A. Zacchei; G. Zamorani; F. M. Zerbi; E. Zucca; V. Allevato; M. Bolzonella; E. Bozzo; C. Burigana; M. Calabrese; D. Di Ferdinando; J. A. Escartin Vigo; S. Matthew; N. Mauri; R. B. Metcalf; A. A. Nucita; M. Pöntinen; C. Porciani; V. Scottez; M. Tenti; M. Viel; M. Wiesmann; Y. Akrami; I. T. Andika; R. E. Angulo; S. Anselmi; M. Archidiacono; F. Atrio-Barandela; A. Balaguera-Antolinez; M. Bethermin; A. Blanchard; H. Böhringer; S. Borgani; M. L. Brown; S. Bruton; A. Calabro; B. Camacho Quevedo; A. Cappi; F. Caro; C. S. Carvalho; T. Castro; F. Cogato; S. Conseil; S. Contarini; A. R. Cooray; O. Cucciati; F. De Paolis; G. Desprez; A. Díaz-Sánchez; J. M. Diego; P. Dimauro; A. Enia; Y. Fang; P. G. Ferreira; A. Finoguenov; A. Franco; K. Ganga; J. García-Bellido; T. Gasparetto; V. Gautard; R. Gavazzi; E. Gaztanaga; F. Giacomini; F. Gianotti; G. Gozaliasl; M. Guidi; C. M. Gutierrez; A. Hall; S. Hemmati; C. Hernández-Monteagudo; H. Hildebrandt; J. Hjorth; J. J. E. Kajava; Y. Kang; V. Kansal; D. Karagiannis; K. Kiiveri; C. C. Kirkpatrick; S. Kruk; J. Le Graet; F. Lepori; G. Leroy; J. Lesgourgues; L. Leuzzi; T. I. Liaudat; S. J. Liu; A. Loureiro; J. Macias-Perez; G. Maggio; M. Magliocchetti; F. Mannucci; R. Maoli; J. Martín-Fleitas; C. J. A. P. Martins; L. Maurin; M. Migliaccio; M. Miluzio; P. Monaco; G. Morgante; C. Murray; S. Nadathur; K. Naidoo; A. Navarro-Alsina; S. Nesseris; F. Passalacqua; K. Paterson; L. Patrizii; A. Pisani; D. Potter; S. Quai; M. Radovich; P. Reimberg; I. Risso; P. -F. Rocci; S. Sacquegna; M. Sahlén; E. Sarpa; J. Schaye; A. Schneider; M. Sereno; A. Silvestri; L. C. Smith; J. Stadel; C. Tao; G. Testera; R. Teyssier; S. Tosi; A. Troja; M. Tucci; C. Valieri; A. Venhola; D. Vergani; F. Vernizzi; G. Verza; N. A. Walton,astro-ph.CO,https://arxiv.org/abs/2603.22475
XR180,2026,2608.06494,2026-08-06,2026-08-10,Alexander N. Cohen; Philip Lubin; Darrel Robertson; Mark Boslough; Sasha Egan; Brin Bailey; Angela M. Stickle; Elizabeth A. Silber; Peter Meinhold; Dharv Patel,astro-ph.EP; astro-ph.IM; physics.app-ph,https://arxiv.org/abs/2608.06494
XR181,2025,2508.18141,2026-05-28,2026-06-01,Marvin Gajewski; Alejandro D. Somoza; Gary Schmiedinghoff; Pascal Stadler; Michael Marthaler; Birger Horstmann,quant-ph,https://arxiv.org/abs/2508.18141
XR182,2026,2603.11437,2026-06-15,2026-06-17,James Bartusek; Eli Goldin,cs.CR; quant-ph,https://arxiv.org/abs/2603.11437
XR183,2026,2605.24002,2026-05-18,2026-05-26,Bowen Deng; Bohan Li; Matthew Cox; Hoje Chun; Juno Nam; Artur Lyssenko; Sathya Edamadaka; Jurgis Ruza; Xiaochen Du; Nofit Segal; Jesus Diaz Sanchez; Mingrou Xie; Ty Perez; Yu Yao; Miguel Steiner; Sauradeep Majumdar; Charles B. Musgrave; Anirban Chandra; Abhirup Patra; Detlef Hohl; Connor W. Coley; Ju Li; Rafael Gómez-Bombarelli,physics.chem-ph; cond-mat.mtrl-sci; cs.AI; physics.comp-ph,https://arxiv.org/abs/2605.24002
XR184,2024,2409.15106,2024-09-23,2024-10-25,Luiz A. C. A. Schiavo; Mykola Gordovskyy; Philippa K. Browning; Suzana S. A. Silva; Gary Verth; Istvan Ballai; Sergiy Shelyag; Sergey N. Ruzheinikov; James A. McLaughlin; Viktor Fedun,astro-ph.SR,https://arxiv.org/abs/2409.15106
XR185,2024,2409.01278,2024-09-10,2024-09-12,Everton Cavalcante; Claudio Furtado,cond-mat.mes-hall,https://arxiv.org/abs/2409.01278
XR186,2026,2608.10077,2026-08-10,2026-08-12,Andrew W. Boyle; Andrew W. Mann,astro-ph.SR; astro-ph.GA,https://arxiv.org/abs/2608.10077
XR187,2024,2405.01637,2024-05-02,2024-05-06,Niv Drory; Guillermo A. Blanc; Kathryn Kreckel; Sebastian F. Sanchez; Alfredo Mejia-Narvaez; Evelyn J. Johnston; Amy M. Jones; Eric W. Pellegrini; Nicholas P. Konidaris; Tom Herbst; Jose Sanchez-Gallego; Juna A. Kollmeier; Florence de Almeida; Jorge K. Barrera-Ballesteros; Dmitry Bizyaev; Joel R. Brownstein; Mar Canal i Saguer; Brian Cherinka; Maria-Rosa L. Cioni; Enrico Congiu; Maren Cosens; Bruno Dias; John Donor; Oleg Egorov; Evgeniia Egorova; Cynthia S. Froning; Pablo Garcia; Simon C. O. Glover; Hannah Greve; Maximilian Haeberle; Kevin Hoy; Hector Ibarra; Jing Li; Ralf S. Klessen; Dhanesh Krishnarao; Nimisha Kumari; Knox S. Long; Jose Eduardo Mendez-Delgado; Silvia Anastasia Popa; Solange Ramirez; Hans-Walter Rix; Aurora Mata Sanchez; Ravi Sankrit; Natascha Sattler; Conor Sayres; Amrita Singh; Guy Stringfellow; Stefanie Wachter; Elizabeth Jayne Watkins; Tony Wong; Aida Wofford,astro-ph.GA,https://arxiv.org/abs/2405.01637
XR188,2024,2401.03970,2024-01-08,2024-01-09,J. L. Tous; J. M. Solanes; J. D. Perea; H. Domínguez-Sánchez,astro-ph.GA,https://arxiv.org/abs/2401.03970
XR189,2026,2609.04668,2026-09-04,2026-09-07,Kazuki Fukutani; Takuma Akimoto,cond-mat.stat-mech,https://arxiv.org/abs/2609.04668
XR190,2025,2505.11603,2025-05-16,2025-05-20,C. Rambert; J. M. Nield; C. Narteau; P. Delorme; G. F. S. Wiggs; M. C. Baddock; J. Best; K. T. Christensen; P. Claudin,physics.geo-ph,https://arxiv.org/abs/2505.11603
XR191,2026,2605.08829,2026-05-09,2026-05-12,Saptak Bhattacharya,quant-ph; math.FA; math.OA,https://arxiv.org/abs/2605.08829
XR192,2024,2402.00911,2024-02-01,2024-02-05,Aitor Erkoreka; Josu Martinez-Perdiguero; Richard J. Mandle; Alenka Mertelj; Nerea Sebastián,cond-mat.soft,https://arxiv.org/abs/2402.00911
XR193,2026,2608.08602,2026-08-09,2026-08-11,Ning Chen; Saurabh K. Shukla,hep-ph; hep-th,https://arxiv.org/abs/2608.08602
XR194,2025,2507.03055,2025-07-03,2025-07-08,Johannes Fiedler; Eivind K. Osestad; Fabian Spallek; Andreu Vega; Quentin Bouton; Gabriel Dutier,quant-ph,https://arxiv.org/abs/2507.03055
XR195,2024,2404.15852,2024-04-24,2024-04-25,Eneko Osaba; Esther Villar-Rodriguez,quant-ph; cs.AI; cs.ET,https://arxiv.org/abs/2404.15852
XR196,2026,2607.13236,2026-07-14,2026-07-16,D. Sierra-Porta,astro-ph.IM; astro-ph.EP; astro-ph.SR,https://arxiv.org/abs/2607.13236
XR197,2024,2406.05751,2024-06-09,2024-06-11,Solomon M. Serunjogi; Mahmoud S. Rasras,physics.optics; physics.app-ph,https://arxiv.org/abs/2406.05751
XR198,2026,2608.26343,2026-08-26,2026-08-28,Zahra Ziarati; Hamidreza Moshfegh,nucl-th,https://arxiv.org/abs/2608.26343
XR199,2026,2608.24445,2026-08-25,2026-08-26,Matthijs Mars; Sebastiaan Y. Haffert; Louis Desdoigts; Joseph D. Long; Rico Landman; Jared R. Males; Laird M. Close; Kyle Van Gorkom; Olivier Guyon; Alexander D. Hedglen; Sandrine Juillard; Jennifer Lumbres; Lauren Schatz,astro-ph.IM,https://arxiv.org/abs/2608.24445
XR200,2024,2405.07361,2025-03-19,2025-03-20,Shambel Sahlu; Álvaro de la Cruz-Dombriz; Amare Abebe,gr-qc,https://arxiv.org/abs/2405.07361
XR201,2025,2505.07678,2025-05-25,2025-05-27,Jens D. M. Rademacher; Roland Welter,physics.flu-dyn; math.DS,https://arxiv.org/abs/2505.07678
XR202,2026,2604.26338,2026-04-29,2026-04-30,Henry C. W. Price; Martin Ho; Tim S. Evans; Eoin O'Sullivan,physics.soc-ph,https://arxiv.org/abs/2604.26338
XR203,2026,2603.27409,2026-03-28,2026-03-31,P. Kràl; S. S. Islam; Andrea N. Capa Salinas; J. N. Graham; O. Gerguri; A. Doll; J. Krieger; T. J. Hicken; G. Simutis; H. Luetkens; R. Khasanov; S. D. Wilson; Z. Guguchia,cond-mat.supr-con; cond-mat.mtrl-sci,https://arxiv.org/abs/2603.27409
XR204,2025,2505.00390,2025-07-30,2025-07-31,M. D. Cozma; W. Trautmann,nucl-th; astro-ph.SR; nucl-ex,https://arxiv.org/abs/2505.00390
XR205,2025,2501.10385,2025-07-07,2025-07-08,Indrajeet Mandal; Jitendra Soni; Mohd Zaki; Morten M. Smedskjaer; Katrin Wondraczek; Lothar Wondraczek; Nitya Nand Gosvami; N. M. Anoop Krishnan,cs.CY; cond-mat.mtrl-sci; cs.AI; physics.ins-det,https://arxiv.org/abs/2501.10385
XR206,2024,2404.17087,2024-04-26,2024-04-29,Rahul Sahay; Ruben Verresen,quant-ph; cond-mat.str-el,https://arxiv.org/abs/2404.17087
XR207,2025,2501.18347,2025-05-01,2025-05-05,Dennis V. Perepelitsa,nucl-th; nucl-ex,https://arxiv.org/abs/2501.18347
XR208,2025,2507.15462,2025-07-21,2025-07-22,Xin Qian,hep-th; math-ph; math.MP; nlin.SI,https://arxiv.org/abs/2507.15462
XR209,2024,2405.00366,2024-06-17,2024-06-18,Mastiyage Don Sudeera Hasaranga Gunathilaka; Yoshitaka Inui; Satoshi Kako; Kazushi Mimura; Masato Okada; Yoshihisa Yamamoto; Toru Aonishi,cs.ET; quant-ph; stat.AP; stat.CO,https://arxiv.org/abs/2405.00366
XR210,2025,2506.06678,2026-02-01,2026-07-15,Xin Li; Zhang-Qi Yin,quant-ph,https://arxiv.org/abs/2506.06678
XR211,2025,2503.09989,2025-06-19,2025-07-08,Liam L. H. Lau; Andreas Gleis; Daniel Kaplan; Premala Chandra; Piers Coleman,cond-mat.str-el; cond-mat.mes-hall,https://arxiv.org/abs/2503.09989
XR212,2024,2404.18045,2024-04-28,2024-04-30,Xiaofan Cai; Ming Li; Chao Chen; Renjun Du; Zijing Guo; Ping Wang; Guodong Ma; Xinglong Wu; Zhiyuan Wang; Yaqing Han; Fuzhuo Lian; Jingkuan Xiao; Siqi Jiang; Lei Wang; Alexander S. Mayorov; Libo Gao; Kostya S. Novoselov; Geliang Yu,cond-mat.mes-hall,https://arxiv.org/abs/2404.18045
XR213,2026,2607.04883,2026-07-06,2026-07-07,Xunchuan Liu; Yu Cheng,astro-ph.GA,https://arxiv.org/abs/2607.04883
XR214,2025,2505.12953,2025-05-19,2025-09-03,Pal Jedlovszky; Christoph Dellago; Marcello Sega,cond-mat.soft; physics.chem-ph,https://arxiv.org/abs/2505.12953
XR215,2025,2503.06693,2025-04-21,2025-07-14,Pau Escofet; Santiago Rodrigo; Artur Garcia-Sáez; Eduard Alarcón; Sergi Abadal; Carmen G. Almudéver,quant-ph,https://arxiv.org/abs/2503.06693
XR216,2025,2507.11712,2025-07-15,2025-12-22,Brett Min; Matthew Gerry; Dvira Segal,quant-ph; cond-mat.other,https://arxiv.org/abs/2507.11712
XR217,2024,2409.00174,2024-08-30,2024-09-04,Michele Fumagalli,astro-ph.GA,https://arxiv.org/abs/2409.00174
XR218,2024,2404.06931,2024-11-13,2024-11-14,Leticia F. Cugliandolo; Grégory Schehr; Marco Tarzia; Davide Venturelli,cond-mat.dis-nn; cond-mat.stat-mech,https://arxiv.org/abs/2404.06931
XR219,2024,2406.11543,2024-12-16,2024-12-18,Gabriel Jung; Nabila Aghanim; Jenny Sorce; Benjamin Seidel; Klaus Dolag; Marian Douspis,astro-ph.CO,https://arxiv.org/abs/2406.11543
XR220,2025,2505.09149,2025-05-14,2025-05-15,Ichiro Oda,hep-th; gr-qc,https://arxiv.org/abs/2505.09149
XR221,2024,2404.02468,2024-05-31,2024-06-03,Hanwei Wang; Yang Zhao,physics.optics,https://arxiv.org/abs/2404.02468
XR222,2024,2401.04880,2024-04-02,2024-04-04,Ruofan Chen; Xiansong Xu; Chu Guo,cond-mat.str-el; quant-ph,https://arxiv.org/abs/2401.04880
XR223,2024,2402.03677,2024-02-06,2024-02-07,Qiaohao Liang; Giacomo Galuppini; Partha M. Gomadam; Prabhakar A. Tamirisa; Jeffrey A. Lemmerman; Michael J. M. Mazack; Melani G. Sullivan; Richard D. Braatz; Martin Z. Bazant,cond-mat.mtrl-sci,https://arxiv.org/abs/2402.03677
XR224,2026,2602.09274,2026-02-09,2026-02-11,Jeremy Mould,astro-ph.GA,https://arxiv.org/abs/2602.09274
XR225,2024,2401.13061,2024-01-23,2024-09-10,Joseph R. L. Cousins; Nigel J. Mottram; Stephen K. Wilson,cond-mat.soft,https://arxiv.org/abs/2401.13061
XR226,2024,2402.18557,2024-07-09,2024-07-10,Rouzbeh Allahverdi; Ngo Phuc Duc Loc; Jacek K. Osiński,hep-ph; astro-ph.CO; hep-th,https://arxiv.org/abs/2402.18557
XR227,2024,2405.08067,2025-12-09,2026-02-04,Philip Candelas; Xenia de la Ossa; Pyry Kuusela,hep-th; math.NT,https://arxiv.org/abs/2405.08067
XR228,2026,2603.08346,2026-03-26,2026-08-26,Roman Ya. Kezerashvili,cond-mat.mes-hall; physics.chem-ph; quant-ph,https://arxiv.org/abs/2603.08346
XR229,2026,2603.15984,2026-03-16,2026-03-18,Pushpendra Gupta; Peter Meisenheimer; Xinyan Li; Sajid Husain; Vishantak Srikrishna; Ashley Cortesis; Yimo Han; Ramamoorthy Ramesh,cond-mat.mtrl-sci; physics.app-ph,https://arxiv.org/abs/2603.15984
XR230,2025,2509.25877,2025-12-23,2025-12-24,Dongyue Li; Wenda Zhang; Jun Yang; Jin-Hong Chen; Weimin Yuan; Huaqing Cheng; Fan Xu; Xinwen Shu; Rong-Feng Shen; Ning Jiang; Jiazheng Zhu; Chang Zhou; Weihua Lei; Hui Sun; Chichuan Jin; Lixin Dai; Bing Zhang; Yu-Han Yang; Wenjie Zhang; Hua Feng; Bifang Liu; Hongyan Zhou; Haiwu Pan; Mingjun Liu; Stephane Corbel; Sitha K. Jagan; Maria Cristina Baglio; Christopher R. Burns; Floriane Cangemi; Chun Chen; Yehao Cheng; Alexis Coleiro; Francesco Coti Zelati; Sourya R. Das; Zhongnan Dong; Luis Galbany; Noa Grollimund; Daniel Kelson; Dong Lai; Xia Li; Yuan Liu; Alessio Marino; Brenna Mockler; Paul O'Brien; Erlin Qiao; Nanda Rea; Resmi; Jérome Rodriguez; Richard Saxton; Luming Sun; Lian Tao; Tinggui Wang; Yilong Wang; Xuefeng Wu; Dong Xu; Yijia Zhang; Guoying Zhao; Congying Bao; Zhiming Cai; Yehai Chen; Yong Chen; Bertrand Cordier; Chenzhou Cui; Weiwei Cui; Zhou Fan; He Gao; Giancarlo Ghirlanda; Ju Guan; Dawei Han; Jinxin Hao; Jingwei Hu; Maohai Huang; Yong-Feng Huang; Shumei Jia; Ge Jin; Stefanie Komossa; Chengkui Li; Zhixing Ling; Congzhan Liu; Heyang Liu; Huaqiu Liu; Fangjun Lu; Kirpal Nandra; Jan-Uwe Ness; Arne Rau; Jeremy Sanders; Liming Song; Roberto Soria; Shengli Sun; Xiaojin Sun; Yuyin Tan; Eleonora Troja; Sixiang Wen; Haitao Xu; Changbin Xue; Yongquan Xue; Yi-Han Iris Yin; Chen Zhang; Shuang-Nan Zhang; Yonghe Zhang,astro-ph.HE,https://arxiv.org/abs/2509.25877
XR231,2024,2403.01679,2025-04-02,2025-04-04,Chloe W. Lindeman; Sidney R. Nagel,cond-mat.soft; cond-mat.dis-nn,https://arxiv.org/abs/2403.01679
XR232,2024,2402.08083,2024-02-12,2024-02-14,Thomas Halloran; Yishu Wang; K. W. Plumb; M. B. Stone; Barry Winn; M. K. Graves-Brook; J. A. Rodriguez-Rivera; Yiming Qui; Prashant Chauhan; Johannes Knolle; Roderich Moessner; N. P. Armitage; Tomohiro Takayama; Hidenori Takagi; Collin Broholm,cond-mat.str-el,https://arxiv.org/abs/2402.08083
XR233,2024,2403.07325,2024-03-12,2024-03-13,Kenta Suzuki,hep-th,https://arxiv.org/abs/2403.07325
XR234,2024,2404.08087,2024-04-11,2024-04-15,Rachael C. Amaro; Daniel Apai; Ben W. P. Lew; Yifan Zhou; Joshua D. Lothringer; Sarah L. Casewell; Xianyu Tan; Travis Barman; Mark S. Marley; L. C. Mayorga; Vivien Parmentier,astro-ph.EP; astro-ph.SR,https://arxiv.org/abs/2404.08087
XR235,2025,2509.20487,2025-09-24,2025-09-26,Dirk Backes,cond-mat.mes-hall; cond-mat.mtrl-sci,https://arxiv.org/abs/2509.20487
XR236,2026,2607.28335,2026-07-30,2026-07-31,Francesco Pirolo; Leonardo Pisani; Pierbiagio Pieri,cond-mat.quant-gas,https://arxiv.org/abs/2607.28335
XR237,2025,2506.24030,2025-10-03,2025-10-06,Alberto Salvarese; Hsin-Yu Chen; Alberto Mangiagli; Nicola Tamanini,astro-ph.CO,https://arxiv.org/abs/2506.24030
XR238,2025,2508.07489,2025-08-10,2026-06-09,Adilson Vital; Filipi N. Silva; Diego R. Amancio,cs.SI; physics.data-an,https://arxiv.org/abs/2508.07489
XR239,2026,2606.00325,2026-05-29,2026-06-02,Federico Butori; Ciro Campolina; Franco Flandoli,math.PR; math-ph; math.AP; math.MP,https://arxiv.org/abs/2606.00325
XR240,2024,2402.10621,2024-02-16,2024-02-19,Subhajit Sarkar; Pratim Banerjee; Molly De Raychaudhury,cond-mat.mtrl-sci,https://arxiv.org/abs/2402.10621
XR241,2026,2604.14777,2026-07-06,2026-07-07,Zhongyuan Zhao; Chudi Qi; Yuheng Li; Shoushan Fan; Qunqing Li; Yang Wei,cond-mat.mes-hall; physics.app-ph,https://arxiv.org/abs/2604.14777
XR242,2024,2405.19588,2024-05-30,2024-05-31,Ming-Jing Zhao; Yuanhong Tao,quant-ph,https://arxiv.org/abs/2405.19588
XR243,2025,2509.13752,2025-09-17,2025-09-18,Qingyong Luo; Xin-Lei Zhang; Guowei He,physics.flu-dyn,https://arxiv.org/abs/2509.13752
XR244,2026,2603.26070,2026-03-27,2026-03-30,Bilguun Bayarsaikhan; Jarah Evslin,hep-th,https://arxiv.org/abs/2603.26070
XR245,2026,2608.16418,2026-08-17,2026-08-18,Marie Bluntzer; Jules Tilly; Christoph Brunken,physics.chem-ph; physics.atom-ph,https://arxiv.org/abs/2608.16418
XR246,2024,2402.13312,2024-02-20,2024-02-22,Andrea Pizzi; Norman Y. Yao,quant-ph; cond-mat.stat-mech; cond-mat.str-el; nlin.CG,https://arxiv.org/abs/2402.13312
XR247,2026,2609.00972,2026-09-02,2026-09-03,Tianao Wang; De Zhang; Zheng Liang; Chaozhi Li; Jiaqi Luo; Yu Nie; Tianshuo Yue; Zebo Tang; Hao Liang; Tongpu Yu; Wanbing He; Yanwen Liu,physics.ins-det,https://arxiv.org/abs/2609.00972
XR248,2025,2506.17747,2025-06-21,2025-06-24,Abdulrahman Al-Fakih; Ardiansyah Koeshidayatullah; Nabil A. Saraih; Tapan Mukerji; Rayan Kanfar; Abdulmohsen Alali; SanLinn I. Kaka,physics.geo-ph; cs.CE; cs.CV; cs.LG; cs.NE,https://arxiv.org/abs/2506.17747
XR249,2026,2606.02726,2026-06-01,2026-06-03,Matteo Cantiello; Ore Gottlieb; Cameron Norton; Matthew Kleban; Ken Van Tilburg,astro-ph.HE; astro-ph.SR,https://arxiv.org/abs/2606.02726
XR250,2025,2509.16637,2025-09-20,2025-09-23,Sumaita Sultana; Sk Siddik; Golam Ali Sekh,cond-mat.quant-gas,https://arxiv.org/abs/2509.16637
XR251,2026,2602.12115,2026-03-03,2026-03-04,Keisi Kacanja; Kanchan Soni; Aleyna Akyüz; Alexander H. Nitz,astro-ph.HE; gr-qc,https://arxiv.org/abs/2602.12115
XR252,2025,2507.01398,2025-07-02,2025-07-03,Kihong Kwon; Yamato Suda; Stephan Hübsch; Daisuke Jido,nucl-th; hep-ph,https://arxiv.org/abs/2507.01398
XR253,2026,2603.10269,2026-03-10,2026-03-12,Giuseppe De Laurentis; Kirill Melnikov; Matteo Tresoldi,hep-ph,https://arxiv.org/abs/2603.10269
XR254,2024,2401.08498,2024-01-16,2024-01-17,Manjunath Malligawad; S. K. Narasimhamurthy; Z. Nekouee; Rajesh Kumar; Mallikarjun Y. Kumbar,gr-qc,https://arxiv.org/abs/2401.08498
XR255,2024,2406.15497,2024-06-19,2024-06-25,Asher Yahalom,physics.gen-ph,https://arxiv.org/abs/2406.15497
XR256,2025,2502.03142,2025-02-05,2025-03-20,H. Thuruthipilly; Junais; J. Koda; A. Pollo; M. Yagi; H. Yamanoi; Y. Komiyama; M. Romano; K. Małek; D. Donevski,astro-ph.GA,https://arxiv.org/abs/2502.03142
XR257,2024,2407.19023,2024-07-26,2024-07-30,Isak G. B. Wold; Sangeeta Malhotra; James E. Rhoads; John R. Weaver; Bingjie Wang,astro-ph.GA,https://arxiv.org/abs/2407.19023
XR258,2025,2507.13750,2025-07-18,2025-07-21,M. T. Abbas; M. Szymczak; D. Szymanski; J. Zeler; M. Drozd; L. T. K Giang; L. Marciniak,cond-mat.mtrl-sci,https://arxiv.org/abs/2507.13750
XR259,2024,2408.14888,2024-08-27,2024-08-28,Arsen Khvedelidze; Dimitar Mladenov; Astghik Torosyan,math.GR; math-ph; math.MP; quant-ph,https://arxiv.org/abs/2408.14888
XR260,2024,2409.09540,2024-09-14,2024-09-17,Quanzhi Ye,astro-ph.EP,https://arxiv.org/abs/2409.09540
XR261,2026,2603.21479,2026-03-23,2026-03-24,Chandrodoy Chattopadhyay; Robert Maguire; Josh Ott; Thomas Schaefer; Vladimir V. Skokov,cond-mat.quant-gas; hep-ph; nucl-th,https://arxiv.org/abs/2603.21479
XR262,2025,2505.00064,2025-07-21,2025-10-20,Tomasz Linowski; Konrad Schlichtholz; Giacomo Sorelli,astro-ph.IM; astro-ph.EP; quant-ph,https://arxiv.org/abs/2505.00064
XR263,2024,2406.17009,2024-06-24,2025-03-21,J. Řeháček; J. L. Romero; A. Z. Goldberg; Z. Hradil; L. L. Sánchez-Soto,quant-ph; physics.optics,https://arxiv.org/abs/2406.17009
XR264,2025,2507.21304,2025-07-28,2025-07-30,Mariana Orellana; Melina C. Bersten; Claudia P. Gutiérrez,astro-ph.HE; astro-ph.SR,https://arxiv.org/abs/2507.21304
XR265,2025,2506.07951,2025-12-29,2025-12-30,N. J. Martin; A. J. Brash; A. Tomlinson; E. M. Sala; E. O. Mills; C. L. Phillips; R. Dost; L. Hallacy; P. Millington-Hotze; D. Hallett; K. A. O'Flaherty; J. Heffernan; M. S. Skolnick; A. M Fox; L. R. Wilson,quant-ph; physics.app-ph; physics.optics,https://arxiv.org/abs/2506.07951
XR266,2026,2604.18009,2026-04-20,2026-04-21,Ryo Noguchi; Jongkeun Jung; Younsik Kim; Sungsoo Hahn; Changyoung Kim,cond-mat.str-el,https://arxiv.org/abs/2604.18009
XR267,2024,2406.01737,2024-06-03,2024-06-05,Cristian Baldenegro; Michal Praszalowicz; Christophe Royon; Anna M. Stasto,hep-ph,https://arxiv.org/abs/2406.01737
XR268,2024,2409.09639,2024-09-15,2024-09-17,Hiroshi G. Takahashi,physics.ao-ph,https://arxiv.org/abs/2409.09639
XR269,2025,2509.01636,2025-09-01,2025-09-03,Ankush Gogoi; Vikram Pakrashi; Joanna A. Zielinska,physics.comp-ph,https://arxiv.org/abs/2509.01636
XR270,2026,2606.14213,2026-06-12,2026-06-15,Jianzhu Ju; Debaditya Chatterjee; Paul M. Voyles; Harald Bock; Mark D. Ediger,cond-mat.mtrl-sci; cond-mat.soft,https://arxiv.org/abs/2606.14213
XR271,2025,2505.20361,2025-05-26,2025-05-28,Chuanxing Wang; Hui Luo; Kai Wang; Guohuai Zhu; Mingxing Luo,physics.flu-dyn; cs.LG,https://arxiv.org/abs/2505.20361
XR272,2024,2401.12013,2024-03-25,2024-03-26,P. Dall'Olio; F. De Soto; C. Mezrag; J. M. Morgado Chávez; H. Moutarde; J. Rodríguez-Quintero; P. Sznajder; J. Segovia,hep-ph; nucl-th,https://arxiv.org/abs/2401.12013
XR273,2026,2604.09362,2026-06-24,2026-06-26,M. Engelsberg; Wilson Barros,cond-mat.mes-hall; cond-mat.mtrl-sci,https://arxiv.org/abs/2604.09362
XR274,2024,2407.20699,2024-07-30,2025-01-13,Yuki Torii Chew; Martin Poitrinal; Takafumi Tomita; Sota Kitade; Jorge Mauricio; Kenji Ohmori; Sylvain de Léséleuc,physics.atom-ph; physics.optics; quant-ph,https://arxiv.org/abs/2407.20699
XR275,2026,2609.11745,2026-09-10,2026-09-11,Xin Lu; Andreas Raikos; Menghan Song; Zezong Li; Lankun Han; Shiliang Li; Sylvain Capponi; Zi Yang Meng; Chengkang Zhou,cond-mat.str-el,https://arxiv.org/abs/2609.11745
XR276,2025,2508.08835,2025-08-12,2025-08-13,Robert Smit; Boleslaw Kozankiewicz; Michel Orrit,physics.chem-ph; physics.optics,https://arxiv.org/abs/2508.08835
XR277,2025,2501.10029,2025-01-17,2025-01-20,Abhishek Sureshkumar; Jonathan Demaimay; Georges Perin; Shahaz Hameed; Mohammed Guendouz; Hélène Ollivier; Yannick Dumeige; Pavel Loiko; Gurvan Brasse; Alain Braud; Patrice Camy; Stéphane Trebaol,physics.optics,https://arxiv.org/abs/2501.10029
XR278,2024,2408.03064,2024-08-06,2025-05-08,Elisa Bäumer; Stefan Woerner,quant-ph,https://arxiv.org/abs/2408.03064
XR279,2026,2605.17747,2026-05-18,2026-05-19,Hao Fang; Lamei Yuan,math.RA; math-ph; math.MP,https://arxiv.org/abs/2605.17747
XR280,2026,2606.12750,2026-06-10,2026-06-12,Morgan R. Jones; Duane D. Johnson; Nicolas Argibay,cond-mat.mtrl-sci,https://arxiv.org/abs/2606.12750
XR281,2025,2501.16218,2025-01-27,2025-01-28,Yun-Feng Lo; Matthieu R. Bloch,quant-ph; cs.IT; cs.SY; eess.SY; math.IT,https://arxiv.org/abs/2501.16218
XR282,2026,2601.04402,2026-01-07,2026-05-28,Emery Doucet; Zakaria Mzaouali; Reece Robertson; Bartłomiej Gardas; Sebastian Deffner; Krzysztof Domino,quant-ph,https://arxiv.org/abs/2601.04402
XR283,2025,2508.13242,2025-08-18,2025-08-20,C. Dedes,quant-ph,https://arxiv.org/abs/2508.13242
XR284,2024,2401.03979,2024-01-08,2024-01-09,Serge Galam,physics.soc-ph,https://arxiv.org/abs/2401.03979
XR285,2024,2407.12692,2024-07-17,2024-12-24,Guo Chuan Thiang,math-ph; math.MP,https://arxiv.org/abs/2407.12692
XR286,2025,2502.01744,2025-02-03,2025-02-05,Artem Y. Burdanov; Julien de Wit; Miroslav Brož; Thomas G. Müller; Tobias Hoffmann; Marin Ferrais; Marco Micheli; Emmanuel Jehin; Daniel Parrott; Samantha N. Hasler; Richard P. Binzel; Elsa Ducrot; Laura Kreidberg; Michaël Gillon; Thomas P. Greene; Will M. Grundy; Theodore Kareta; Pierre-Olivier Lagage; Nicholas Moskovitz; Audrey Thirouin; Cristina A. Thomas; Sebastian Zieba,astro-ph.EP; astro-ph.IM,https://arxiv.org/abs/2502.01744
XR287,2024,2403.02575,2024-03-05,2024-10-29,Anh Ho Hoai; Jian Huang; L. N. Pfeiffer; K. W. West,cond-mat.mes-hall; cond-mat.str-el,https://arxiv.org/abs/2403.02575
XR288,2024,2404.08394,2025-01-17,2025-01-23,Martí Berenguer; Anshuman Dey; Javier Mas; Juan Santos-Suárez; Alfonso V. Ramallo,hep-th; cond-mat.str-el; quant-ph,https://arxiv.org/abs/2404.08394
XR289,2026,2608.09431,2026-08-10,2026-08-11,Pranjali Jadhao; Mojdeh Fallahpour; Josef Polčák; Eva Kolíbalová; Michal Horák; Jan Michalička; Petr Bábor; Stanislav Voborný; Tomáš Šikola,cond-mat.mtrl-sci; cond-mat.mes-hall,https://arxiv.org/abs/2608.09431
XR290,2026,2604.01891,2026-04-02,2026-04-03,Aoi Fujimoto; Hiroyuki Ichihara; Rina Kanamoto,quant-ph,https://arxiv.org/abs/2604.01891
XR291,2026,2605.21791,2026-05-20,2026-05-22,Kevin Hernández,quant-ph; math-ph; math.MP,https://arxiv.org/abs/2605.21791
XR292,2025,2505.21340,2025-08-14,2026-01-08,Sergio Leiva-Montecinos; Libor Vojáček; Jing Li; Mairbek Chshiev; Laurent Vila; Ingrid Mertig; Annika Johansson,cond-mat.mes-hall,https://arxiv.org/abs/2505.21340
XR293,2026,2602.23348,2026-08-17,2026-08-19,Dibya S. Chattopadhyay; P. S. Bhupal Dev; Yago Porto,hep-ph; astro-ph.GA,https://arxiv.org/abs/2602.23348
XR294,2026,2603.02664,2026-03-03,2026-03-04,Karan Singh; Subhadip Pradhan; K. Mukherjee; Ashis Kumar Nandy; Subhendra D. Mahanti; D. Topwal,cond-mat.mtrl-sci,https://arxiv.org/abs/2603.02664
XR295,2025,2501.11447,2025-09-19,2025-09-22,Abel Jansma,cs.AI; cs.IT; math.IT; physics.data-an,https://arxiv.org/abs/2501.11447
XR296,2026,2604.13922,2026-06-17,2026-06-18,Johannes Braathen; Felix Egle; Alain Verduras Schaeidt,hep-ph,https://arxiv.org/abs/2604.13922
XR297,2026,2607.09046,2026-07-10,2026-07-13,Zilong Li; Yang Chen; Haotian Chen; Lei Ye; Zhe Gao; Wei Chen,physics.plasm-ph,https://arxiv.org/abs/2607.09046
XR298,2025,2509.10866,2025-09-16,2025-09-17,Koji Hashimoto; Koichi Kyo; Masaki Murata; Gakuto Ogiwara; Norihiro Tanahashi,hep-th; cs.AI; cs.LG; gr-qc,https://arxiv.org/abs/2509.10866
XR299,2026,2601.21041,2026-01-28,2026-01-30,Dylan L. Jow; Delon Shen,astro-ph.HE; astro-ph.CO,https://arxiv.org/abs/2601.21041
XR300,2025,2509.20561,2025-09-24,2025-09-26,Tasnia Noboni; Tuhin Das,eess.SY; cs.SY; physics.ao-ph,https://arxiv.org/abs/2509.20561
