blind_id,X01_COMPLETE_HISTORY,X02_LOCAL_AS_READOUT,X03_CARRIER_READOUT_SEPARATION,X04_FINITE_EXTENT,X05_MEASUREMENT_GEOMETRY,X06_GEOMETRY_FIRST,X07_MORPHOLOGY_IDENTITY,X08_HOLONOMY_PHASE,X09_BRAID_KNOT_LINK,X10_CHIRALITY_ORIENTATION,X11_RECURSIVE_NESTED,X12_BIFURCATION_TRANSITION,X13_EMERGENT_QUANTIZATION,X14_EMERGENT_SPACETIME_CAUSALITY,X15_EMERGENT_PARTICLE_PROPERTIES,X16_VACUUM_MATTER_CONTINUUM,X17_FORCE_REGIME_UNIFICATION,X18_CROSS_SECTOR_GRAMMAR,X19_FULL_VS_EFFECTIVE,X20_REPRESENTATION_NOT_ONTOLOGY,X21_UNIVERSALITY_VS_DYNAMICS,X22_STANDARD_LIMIT_RECOVERY,X23_FAIL_RIGID,X24_ANTI_TUNING,X25_NULL_NEGATIVE_RESULTS,X26_PREDICTIVE_CROSSCHECK,X27_PROVENANCE_PRIOR_ART,X28_FORMALISM_NOT_TRUTH,X29_TRANSLATE_NOT_REJECT,X30_MODULAR_STANDARD_MATH,total_Y
XR001,N,N,N,N,N,N,N,N,N,N,N,N,N,N,N,N,N,N,N,N,N,N,N,N,N,Y,N,N,N,N,1
XR002,N,N,N,N,N,N,N,N,N,N,Y,N,N,N,N,N,N,N,N,N,N,N,N,N,Y,N,N,N,N,N,2
XR003,N,N,N,N,N,N,N,N,N,N,N,N,N,N,N,N,N,N,N,N,N,N,N,N,N,N,N,N,N,N,0
XR004,N,N,N,N,N,N,Y,N,N,Y,N,N,N,N,N,N,N,N,N,N,N,N,N,N,N,N,N,N,N,N,2
XR005,N,N,N,N,N,N,N,N,N,N,N,N,N,N,N,N,N,N,Y,N,N,N,N,N,Y,N,N,N,N,N,2
XR006,N,N,N,N,N,N,N,N,N,N,N,N,N,N,N,N,N,N,N,N,N,N,N,N,N,N,N,N,N,N,0
XR007,N,N,N,N,N,N,N,N,N,N,N,N,N,N,N,N,N,N,N,N,N,N,N,N,N,N,N,N,N,N,0
XR008,N,N,N,N,N,N,N,N,N,N,N,N,N,N,N,N,N,N,N,N,N,N,N,N,N,N,N,N,N,N,0
XR009,N,N,N,N,N,N,N,N,N,N,N,N,N,N,N,N,N,N,N,N,N,N,N,N,N,N,N,N,N,N,0
XR010,N,N,N,N,N,N,N,N,N,N,N,N,N,N,N,N,N,N,N,N,N,N,N,N,N,Y,N,N,N,N,1
XR011,N,N,Y,N,Y,N,N,N,N,N,N,N,N,N,N,N,N,N,N,N,N,N,N,N,Y,Y,N,N,N,N,4
XR012,N,N,N,N,N,N,N,N,N,N,N,N,N,N,N,N,N,N,Y,N,N,N,N,N,Y,N,N,N,N,N,2
XR013,N,N,N,N,N,N,N,N,N,N,N,N,N,N,N,N,N,N,N,N,N,N,N,N,N,N,N,N,N,N,0
XR014,N,N,N,N,N,N,N,N,N,N,N,N,N,N,N,N,N,N,N,N,N,N,N,N,N,Y,N,N,N,N,1
