source_path,sha256,bytes,extension,source_family,media_kind,adapter,adapter_status
EXPOSURE_STATS/DEBATING AI DATA/2Analytics - Debating A.I. On the Future of Physics _ Spotify for Creators.pdf,09dc305d056f2d4185e0155e72700350ead8554fded860381647d6ae1b98c2a5,147798,.pdf,EXPOSURE_STATS,pdf,,unhandled
EXPOSURE_STATS/DEBATING AI DATA/3Analytics - Debating A.I. On the Future of Physics _ Spotify for Creators.pdf,7d0b2c5d6efa9eb546efabbf35b751f4e13ebb50b1f7af10f0a1d61eeca7a297,147374,.pdf,EXPOSURE_STATS,pdf,,unhandled
EXPOSURE_STATS/DEBATING AI DATA/4Analytics - Debating A.I. On the Future of Physics _ Spotify for Creators.pdf,6183df2d3eebf632c129de438c82da667e9be801560e3d7bb91db80d81cb8d6c,147092,.pdf,EXPOSURE_STATS,pdf,,unhandled
EXPOSURE_STATS/DEBATING AI DATA/5Analytics - Debating A.I. On the Future of Physics _ Spotify for Creators.pdf,ef9c5ac76694cc5eca8cf75d6af3a8d8b8dbe66b145443979317053a5c97ceb0,148149,.pdf,EXPOSURE_STATS,pdf,,unhandled
EXPOSURE_STATS/DEBATING AI DATA/6Analytics - Debating A.I. On the Future of Physics _ Spotify for Creators.pdf,6a635a668ea873d976af3f66860eb31bf057c5d8ae597ce8291cb882da8f2d00,145202,.pdf,EXPOSURE_STATS,pdf,,unhandled
EXPOSURE_STATS/DEBATING AI DATA/7Analytics - Debating A.I. On the Future of Physics _ Spotify for Creators.pdf,35306807dc7e2fc5399c65932fc513e52a224805f9e0c90a53f62977fe307a9a,141392,.pdf,EXPOSURE_STATS,pdf,,unhandled
EXPOSURE_STATS/DEBATING AI DATA/8DebatingA.I.OntheFutureofPhysics_GeoLocationAllPlatforms_all-time.csv,66736f8e59aa4d763dbefcc93797bbf02b053204acaf5f2399496f77b9fb73e4,432,.csv,EXPOSURE_STATS,csv,numeric_matrix_csv,handled
EXPOSURE_STATS/DEBATING AI DATA/Analytics - Debating A.I. On the Future of Physics _ Spotify for Creators.pdf,e4659b54ce7fe7a20e369183b69cf291e485bf72efc145215f2598031451ec61,177487,.pdf,EXPOSURE_STATS,pdf,,unhandled
EXPOSURE_STATS/DEBATING AI DATA/DebatingA.I.OntheFutureofPhysics_AgeByGender_all-time.csv,09a9d2e21c0360a8cbb06afd5e812a098b479600ddd585a0800be09ef5a390b0,608,.csv,EXPOSURE_STATS,csv,numeric_matrix_csv,handled
EXPOSURE_STATS/DEBATING AI DATA/DebatingA.I.OntheFutureofPhysics_AudienceSegments_1-1-2025--6-15-2026.csv,ce8a12a3cf27e0512ee84340b63d318f49ab07e1a11d2971ee315418dd95b806,4293,.csv,EXPOSURE_STATS,csv,numeric_matrix_csv,handled
EXPOSURE_STATS/DEBATING AI DATA/DebatingA.I.OntheFutureofPhysics_DailyImpressions_3-17-2026--6-14-2026 (1).csv,f4d05006bf66385da8af5a271e7571781a19dcccac6c32d45a47cb15f5390a38,1218,.csv,EXPOSURE_STATS,csv,numeric_matrix_csv,handled
EXPOSURE_STATS/DEBATING AI DATA/DebatingA.I.OntheFutureofPhysics_DailyImpressions_3-17-2026--6-14-2026.csv,f4d05006bf66385da8af5a271e7571781a19dcccac6c32d45a47cb15f5390a38,1218,.csv,EXPOSURE_STATS,csv,numeric_matrix_csv,handled
EXPOSURE_STATS/DEBATING AI DATA/DebatingA.I.OntheFutureofPhysics_Engagement_all-time (1).csv,514e24ff641ba0eda717b43317e21e8f3368efc7d8fded755e744b5b956fcc4c,11191,.csv,EXPOSURE_STATS,csv,numeric_matrix_csv,handled
EXPOSURE_STATS/DEBATING AI DATA/DebatingA.I.OntheFutureofPhysics_Engagement_all-time (2).csv,514e24ff641ba0eda717b43317e21e8f3368efc7d8fded755e744b5b956fcc4c,11191,.csv,EXPOSURE_STATS,csv,numeric_matrix_csv,handled
EXPOSURE_STATS/DEBATING AI DATA/DebatingA.I.OntheFutureofPhysics_Engagement_all-time (3).csv,514e24ff641ba0eda717b43317e21e8f3368efc7d8fded755e744b5b956fcc4c,11191,.csv,EXPOSURE_STATS,csv,numeric_matrix_csv,handled
EXPOSURE_STATS/DEBATING AI DATA/DebatingA.I.OntheFutureofPhysics_Engagement_all-time (4).csv,514e24ff641ba0eda717b43317e21e8f3368efc7d8fded755e744b5b956fcc4c,11191,.csv,EXPOSURE_STATS,csv,numeric_matrix_csv,handled
EXPOSURE_STATS/DEBATING AI DATA/DebatingA.I.OntheFutureofPhysics_Engagement_all-time.csv,514e24ff641ba0eda717b43317e21e8f3368efc7d8fded755e744b5b956fcc4c,11191,.csv,EXPOSURE_STATS,csv,numeric_matrix_csv,handled
EXPOSURE_STATS/DEBATING AI DATA/DebatingA.I.OntheFutureofPhysics_EpisodeCompletionRates.csv,113a41dbb5ae086da0436f530726278c592e4021fb730e00a0da0f0746b25643,797,.csv,EXPOSURE_STATS,csv,episode_metrics_csv,handled
EXPOSURE_STATS/DEBATING AI DATA/DebatingA.I.OntheFutureofPhysics_Gender_all-time.csv,92514011e974d2dfff845f78961e23b905a39216ef0d3e73537fc0aa5cbc4ace,118,.csv,EXPOSURE_STATS,csv,numeric_matrix_csv,handled
EXPOSURE_STATS/DEBATING AI DATA/DebatingA.I.OntheFutureofPhysics_GeoLocationAllPlatforms_all-time (1).csv,2b80b2428ec701256374990886ee9fccac85de85b37afc5bbaec56df8d903129,348,.csv,EXPOSURE_STATS,csv,numeric_matrix_csv,handled
EXPOSURE_STATS/DEBATING AI DATA/DebatingA.I.OntheFutureofPhysics_GeoLocationAllPlatforms_all-time.csv,ffbdf650a8e6892a082e2eccba86e2b359ace8381177d8604ec5187dafe59b4d,865,.csv,EXPOSURE_STATS,csv,numeric_matrix_csv,handled
EXPOSURE_STATS/DEBATING AI DATA/DebatingA.I.OntheFutureofPhysics_TopEpisodesByConsumptionTime_all-time (1).csv,0cc0fae313cfc0772b60a8f4abd1c97fbb757caf60d62e2de640c40e811a1b03,909,.csv,EXPOSURE_STATS,csv,episode_metrics_csv,handled
EXPOSURE_STATS/DEBATING AI DATA/DebatingA.I.OntheFutureofPhysics_TopEpisodesByConsumptionTime_all-time.csv,0cc0fae313cfc0772b60a8f4abd1c97fbb757caf60d62e2de640c40e811a1b03,909,.csv,EXPOSURE_STATS,csv,episode_metrics_csv,handled
EXPOSURE_STATS/DEBATING AI DATA/DebatingA.I.OntheFutureofPhysics_TopEpisodesByImpressions_3-17-2026--6-14-2026 (1).csv,82181a5ba3ce46b16728d077a90e7beaadf240a8efbd34ad48af54440680f59a,983,.csv,EXPOSURE_STATS,csv,episode_metrics_csv,handled
EXPOSURE_STATS/DEBATING AI DATA/DebatingA.I.OntheFutureofPhysics_TopEpisodesByImpressions_3-17-2026--6-14-2026.csv,82181a5ba3ce46b16728d077a90e7beaadf240a8efbd34ad48af54440680f59a,983,.csv,EXPOSURE_STATS,csv,episode_metrics_csv,handled
EXPOSURE_STATS/DEBATING AI DATA/DebatingA.I.OntheFutureofPhysics_TrendsChart_PlaysAndDownloads_First7Days (1).csv,77503f187b1530697d648402f8162a28d235052c5496d07171d00aa3798fcf65,13060,.csv,EXPOSURE_STATS,csv,numeric_matrix_csv,handled
EXPOSURE_STATS/DEBATING AI DATA/DebatingA.I.OntheFutureofPhysics_TrendsChart_PlaysAndDownloads_First7Days (10).csv,42ab243dcce4ecf92215f81aa62f2102a1159b1572ce5a2c5a947b45780e887d,13060,.csv,EXPOSURE_STATS,csv,numeric_matrix_csv,handled
EXPOSURE_STATS/DEBATING AI DATA/DebatingA.I.OntheFutureofPhysics_TrendsChart_PlaysAndDownloads_First7Days (2).csv,77503f187b1530697d648402f8162a28d235052c5496d07171d00aa3798fcf65,13060,.csv,EXPOSURE_STATS,csv,numeric_matrix_csv,handled
EXPOSURE_STATS/DEBATING AI DATA/DebatingA.I.OntheFutureofPhysics_TrendsChart_PlaysAndDownloads_First7Days (3).csv,a1db4863418e8826dd91a6f39a07d52b54646743cae70a99673274c99f038276,13060,.csv,EXPOSURE_STATS,csv,numeric_matrix_csv,handled
EXPOSURE_STATS/DEBATING AI DATA/DebatingA.I.OntheFutureofPhysics_TrendsChart_PlaysAndDownloads_First7Days (4).csv,f11f871f4aa948feade1a904b13e92097e58906e00965d32c764a539ffc6c640,13060,.csv,EXPOSURE_STATS,csv,numeric_matrix_csv,handled
EXPOSURE_STATS/DEBATING AI DATA/DebatingA.I.OntheFutureofPhysics_TrendsChart_PlaysAndDownloads_First7Days (5).csv,75abda0396494af785d88d996fcad58b6cba9063ff23a1d9a988513459229999,13060,.csv,EXPOSURE_STATS,csv,numeric_matrix_csv,handled
EXPOSURE_STATS/DEBATING AI DATA/DebatingA.I.OntheFutureofPhysics_TrendsChart_PlaysAndDownloads_First7Days (6).csv,75abda0396494af785d88d996fcad58b6cba9063ff23a1d9a988513459229999,13060,.csv,EXPOSURE_STATS,csv,numeric_matrix_csv,handled
EXPOSURE_STATS/DEBATING AI DATA/DebatingA.I.OntheFutureofPhysics_TrendsChart_PlaysAndDownloads_First7Days (7).csv,75abda0396494af785d88d996fcad58b6cba9063ff23a1d9a988513459229999,13060,.csv,EXPOSURE_STATS,csv,numeric_matrix_csv,handled
EXPOSURE_STATS/DEBATING AI DATA/DebatingA.I.OntheFutureofPhysics_TrendsChart_PlaysAndDownloads_First7Days (8).csv,75abda0396494af785d88d996fcad58b6cba9063ff23a1d9a988513459229999,13060,.csv,EXPOSURE_STATS,csv,numeric_matrix_csv,handled
EXPOSURE_STATS/DEBATING AI DATA/DebatingA.I.OntheFutureofPhysics_TrendsChart_PlaysAndDownloads_First7Days (9).csv,42ab243dcce4ecf92215f81aa62f2102a1159b1572ce5a2c5a947b45780e887d,13060,.csv,EXPOSURE_STATS,csv,numeric_matrix_csv,handled
EXPOSURE_STATS/DEBATING AI DATA/DebatingA.I.OntheFutureofPhysics_TrendsChart_PlaysAndDownloads_First7Days.csv,77503f187b1530697d648402f8162a28d235052c5496d07171d00aa3798fcf65,13060,.csv,EXPOSURE_STATS,csv,numeric_matrix_csv,handled
EXPOSURE_STATS/DEBATING AI DATA/DebatingA.I.OntheFutureofPhysics_WeekOverWeekRetention_1-1-2026--6-16-2026 (1).csv,37bc7d2921bad508feb7fdd04b7faa9e19d5a60257f49b534eceef1c2ccbf221,396,.csv,EXPOSURE_STATS,csv,numeric_matrix_csv,handled
EXPOSURE_STATS/DEBATING AI DATA/DebatingA.I.OntheFutureofPhysics_WeekOverWeekRetention_1-1-2026--6-16-2026.csv,37bc7d2921bad508feb7fdd04b7faa9e19d5a60257f49b534eceef1c2ccbf221,396,.csv,EXPOSURE_STATS,csv,numeric_matrix_csv,handled
EXPOSURE_STATS/DEBATING AI DATA/DebatingA.I.OntheFutureofPhysics_WeekOverWeekRetention_3-19-2026--6-16-2026.csv,b0a888c52021d9bcad08d9c1cd83fce9c6664e47f02d56ae07e1fbc0b65bc762,221,.csv,EXPOSURE_STATS,csv,numeric_matrix_csv,handled
EXPOSURE_STATS/EXP_ANALYSIS/2024 ASSESSMENTS.txt,b02f8bd523f93065440dcf431594229158438d4c8d0da0c024843934a9342264,109848,.txt,EXPOSURE_STATS,text,,unhandled
EXPOSURE_STATS/EXP_ANALYSIS/2025 ASSESSMENTS.txt,9381f280615079b81af3d5b264afdc90b302ae2f623a8f7fad238781bea31bc2,22183,.txt,EXPOSURE_STATS,text,,unhandled
EXPOSURE_STATS/EXP_ANALYSIS/CONCAT_COMB_SAT_PREDICTIONS.txt,880a53115718880bc76af49ec8dd05c0f4e09b164310a380c17f04aa27026286,1123479,.txt,EXPOSURE_STATS,text,,unhandled
EXPOSURE_STATS/EXP_ANALYSIS/CONCAT_COMB_SAT_PREDICTIONS_2.txt,d809c42756943a66b9a3a157b70c8308529c2ee875c80304c4840d8bb0c2dbc3,2729602,.txt,EXPOSURE_STATS,text,,unhandled
EXPOSURE_STATS/EXP_ANALYSIS/CONCAT_COMB_SAT_PREDICTIONS_3.txt,93622fece0ad21e992213b9aaa0ffa2b08e85504f0b52f4971e7ef47c2b586f6,1288675,.txt,EXPOSURE_STATS,text,,unhandled
EXPOSURE_STATS/EXP_ANALYSIS/CONCAT_COMB_SAT_PREDICTIONS_4.txt,1f2058b3347498ace924820c7a36a47112ef6988e65570e64edbf70ab37c7df4,1462822,.txt,EXPOSURE_STATS,text,,unhandled
EXPOSURE_STATS/EXP_ANALYSIS/CONCAT_COMB_SAT_PREDICTIONS_5.txt,b7f8dc1402c5e027bdba38467bddf56787124d6eeaa459c5f7423094a4307dca,2727110,.txt,EXPOSURE_STATS,text,,unhandled
EXPOSURE_STATS/EXP_ANALYSIS/CONCAT_DAI_Transcripts_TEXT.txt,35b46d6497c947b41f3f314065412c57d48b44c8de827eaa5174429a47c8e3c9,3798933,.txt,EXPOSURE_STATS,text,,unhandled
EXPOSURE_STATS/EXP_ANALYSIS/CONCAT_FULL_ARXIV_ANALYSIS.txt,6122a18d3f00bb07c170fb3427876b34999c26aa434722a0800e0fe8e6722132,201771,.txt,EXPOSURE_STATS,text,,unhandled
EXPOSURE_STATS/EXP_ANALYSIS/CONCAT_FULL_GIT_STATS.txt,dfd63da400fe43d44d392cb0c7091e55e613c999a73232f2849b7d8628392607,6478,.txt,EXPOSURE_STATS,text,,unhandled
EXPOSURE_STATS/EXP_ANALYSIS/CONCAT_FULL_TIMELINE_DATA.txt,f5000356f336b8fa7b31569372ab1a52b3ff73a92259592364f2f6cba3d96db1,335651,.txt,EXPOSURE_STATS,text,,unhandled
EXPOSURE_STATS/EXP_ANALYSIS/CONCAT_SAT_TO_MAINSTREAM.txt,c42465558ff1bfcfebb8ff91642c1a67615fc362e8ec07d70df09f64dd3de1a0,49932,.txt,EXPOSURE_STATS,text,,unhandled
EXPOSURE_STATS/EXP_ANALYSIS/GLOSS_2026.txt,14e70e5ccf952c740686871f0dba4b07e1840984bb7b5a4e71af0a189f4c9d26,18209,.txt,EXPOSURE_STATS,text,,unhandled
EXPOSURE_STATS/EXP_ANALYSIS/Impact.txt,162622940bc624313559603fe9a2f9d026e85b6445e162988b3e5f1bd0a71833,8208,.txt,EXPOSURE_STATS,text,,unhandled
EXPOSURE_STATS/EXP_ANALYSIS/Kirch.txt,95c492d63eadefc28ad338bf277686436a9b4732a00172bd0ee75e8ffc0ac37b,45604,.txt,EXPOSURE_STATS,text,,unhandled
EXPOSURE_STATS/EXP_ANALYSIS/Misc 48.txt,c4b46ab11c3c7357e7386452e3b70a90608159413f5523618be07b17cf3aa678,4142,.txt,EXPOSURE_STATS,text,,unhandled
EXPOSURE_STATS/EXP_ANALYSIS/Misc — A Chat.pdf,d29389955d043238cdf8986c515c129f6106d3d6436aef0599164514ea2f223f,192987,.pdf,EXPOSURE_STATS,pdf,,unhandled
EXPOSURE_STATS/EXP_ANALYSIS/PARADIGM NOTICED.txt,52db6bc8321c15371b3a339f43f3f26e3673e78ba8339bab77dff5a07c425ae6,1921531,.txt,EXPOSURE_STATS,text,,unhandled
EXPOSURE_STATS/EXP_ANALYSIS/SAT FINGERPRINT.txt,6c11498de01fe1a87ffdd66707d6ee4f6ddd0645e455e1220ea6dc75e1c84f28,95675,.txt,EXPOSURE_STATS,text,,unhandled
EXPOSURE_STATS/EXP_ANALYSIS/SAT_HsH_Chronological_Convergence_Atlas.docx,4083703aff343816ae1c2388ca2d67715ebf7d373f10c862d093e6777d8c7f44,59209,.docx,EXPOSURE_STATS,binary_or_other,,unhandled
EXPOSURE_STATS/EXP_ANALYSIS/misc Central Recursion.pdf,a7b91bb002987de2b60c4dafb4c0ca92c9cc24904ec121382db3c8b8340c7ab0,316867,.pdf,EXPOSURE_STATS,pdf,,unhandled
EXPOSURE_STATS/PODCAST_EPs/COMP_FieldNotes_FULL_test.txt,f6a9795fb5b0d36817d49f064790cc0437751027068403654ce285ce88e155d4,787061,.txt,EXPOSURE_STATS,text,,unhandled
EXPOSURE_STATS/PODCAST_EPs/CROSS_PODCAST_KEYWORDS.txt,d3766033b3b7325cfc229fd7db2f8e16f33523836a9cc9ef8522f9b0c4e5407d,982,.txt,EXPOSURE_STATS,text,,unhandled
EXPOSURE_STATS/PODCAST_EPs/CROSS_TRANSCRIPT_CATALOG.csv,6e13bb2a9f59c82904269dc6b2e0641f7b34521444edb9fec20a8a8bc32da109,2780,.csv,EXPOSURE_STATS,csv,numeric_matrix_csv,handled
EXPOSURE_STATS/PODCAST_EPs/CROSS_TRANSCRIPT_KEYWORD_HITS.csv,221a178c628eeec3a3f50f40e26a813ff827557235afa0387e969d8c4871d280,190314,.csv,EXPOSURE_STATS,csv,numeric_matrix_csv,handled
EXPOSURE_STATS/PODCAST_EPs/CROSS_TRANSCRIPT_KEYWORD_INDEX.md,2b0c1efa499cf01659c0d7afc812a820cbe5141d32d4f8d008afbbafc32f262a,1760,.md,EXPOSURE_STATS,text,,unhandled
EXPOSURE_STATS/PODCAST_EPs/CROSS_TRANSCRIPT_KEYWORD_MATRIX.csv,782018b47e0a4e28946ad57f49e7fad38d3eddc4362447569d02a0dfb15a9bcb,5421,.csv,EXPOSURE_STATS,csv,numeric_matrix_csv,handled
EXPOSURE_STATS/PODCAST_EPs/DAI_Transcripts_TEXT.txt,35b46d6497c947b41f3f314065412c57d48b44c8de827eaa5174429a47c8e3c9,3798933,.txt,EXPOSURE_STATS,text,,unhandled
EXPOSURE_STATS/PODCAST_EPs/DebatingA.I.OnScience_EpisodeRankings_all-time.csv,f24fdd5bf5241f01900f0dbc64ec3970bf6bf495a8ea63870f301032473d608c,24858,.csv,EXPOSURE_STATS,csv,episode_metrics_csv,handled
EXPOSURE_STATS/PODCAST_EPs/FIRST PUBLIC MENTION SAT DAI -- WHAT IS THOUGHT MADE OF.txt,572b5512dc36ed9a4a0a0585a951a834d036bde396f28f46c095c6b18fcecd95,19641,.txt,EXPOSURE_STATS,text,,unhandled
EXPOSURE_STATS/PODCAST_EPs/FULL_Scalar-Angular Theory_ Field Notes - A Lab Testable TOE.txt,912d573d3672fd4d0c70249c99926229b8d53c3a33b8ca1f254d8613bc162fe8,94812,.txt,EXPOSURE_STATS,text,,unhandled
EXPOSURE_STATS/PODCAST_EPs/FULL_Scalar-Angular Theory_ Field Notes - Full Unification GR-QM-ST.txt,591b9c79e95cbfd651ceac90203e010eb9c1dc54464698906bdfebe0221c9b08,98123,.txt,EXPOSURE_STATS,text,,unhandled
EXPOSURE_STATS/PODCAST_EPs/FULL_Scalar-Angular Theory_ Field Notes - Lithium-7_ The First Dark Matter Horizon_.txt,99f3a8fdd368de187766387ebb32abe17fe3a88903021d8005b1076fa415b51b,56112,.txt,EXPOSURE_STATS,text,,unhandled
EXPOSURE_STATS/PODCAST_EPs/FULL_Scalar-Angular Theory_ Field Notes - Method for QM-GR Unification.txt,4d19151439fb0493b884732938fa378832852c9cf63a766ac490da446cfaf029,114441,.txt,EXPOSURE_STATS,text,,unhandled
"EXPOSURE_STATS/PODCAST_EPs/FULL_Scalar-Angular Theory_ Field Notes - Neutrino-Photon Identity, Quantum Tunneling, and Chondrules(..!).txt",e8efd35332cb589c1c87f44323fec8ee1d583c00e406e33c7fc6a56804b74fe4,55807,.txt,EXPOSURE_STATS,text,,unhandled
EXPOSURE_STATS/PODCAST_EPs/FULL_Scalar-Angular Theory_ Field Notes - Post-Closure Experimental Predictions.txt,f9d47a165daf3ab6ca76538ed8cb3dcc5296ab29170a39d849c464d1f5e5f134,63990,.txt,EXPOSURE_STATS,text,,unhandled
EXPOSURE_STATS/PODCAST_EPs/FULL_Scalar-Angular Theory_ Field Notes - Prior Model Prediction Drop 3.1.26.txt,d744c1647f3a51bdcddb2dcd05d33db8ec208225212e63ba3dfe4e848f8c7d3e,47982,.txt,EXPOSURE_STATS,text,,unhandled
EXPOSURE_STATS/PODCAST_EPs/FULL_Scalar-Angular Theory_ Field Notes - SAT’s Derivations.txt,7b68734ffbb8826ead8c8eae3ec5cea3abc2ae51294669997f818711d075a566,53967,.txt,EXPOSURE_STATS,text,,unhandled
EXPOSURE_STATS/PODCAST_EPs/FULL_Scalar-Angular Theory_ Field Notes - The 0.239 rad Constant.txt,c01fec7da89308f379b6b7085f6d530b78ad7aeac924af8c0c6040c59411ea98,61756,.txt,EXPOSURE_STATS,text,,unhandled
EXPOSURE_STATS/PODCAST_EPs/FULL_Scalar-Angular Theory_ Field Notes - The 17mK He3 λ Anomaly.txt,6140a3cadb4bff5c9254445dfc8a927478e88c89dd7086ebedc63f61e0fc9cfd,89560,.txt,EXPOSURE_STATS,text,,unhandled
EXPOSURE_STATS/PODCAST_EPs/FULL_Scalar-Angular Theory_ Field Notes - Timelike Twist in the Accelerator .txt,1a86e0ea02d5e213356aea32a140bcd5b5d214f78160a947db64f3fe6b88c0ae,50540,.txt,EXPOSURE_STATS,text,,unhandled
EXPOSURE_STATS/PODCAST_EPs/Scalar-Angular Theory_ Field Notes - Proof GR & QM Are Compatible.txt,2f7ae7519ac70ab4d93ced827bad5af6a48980920b691e3d16c9d049ced33fb5,63874,.txt,EXPOSURE_STATS,text,,unhandled
EXPOSURE_STATS/PODCAST_EPs/The New Physics - Majorana Coupling & Coiled Cooper Pairing.srt,73ae4bf65121779436ccd463d0b8e112665626120fe90cbb8c5b43231b69f89c,92107,.srt,EXPOSURE_STATS,binary_or_other,,unhandled
EXPOSURE_STATS/SAT — PODCAST STATS/34gtretCapture.JPG,f3665f5230b96bdbbbd25cb3997ed25cfb32fe3dffc89d8d36a5507c7f01d32e,162002,.jpg,EXPOSURE_STATS,image,,unhandled
EXPOSURE_STATS/SAT — PODCAST STATS/34qffsdf.JPG,4fe37a75a512868a0857988fbc59b0fef9ae2268c61118802ff08644f6e17632,162330,.jpg,EXPOSURE_STATS,image,,unhandled
EXPOSURE_STATS/SAT — PODCAST STATS/34tferfCapture.JPG,dd69d91d89d1e43cf48e2617ee1bba7a9bbfc611f936db397003169f824df7da,163267,.jpg,EXPOSURE_STATS,image,,unhandled
EXPOSURE_STATS/SAT — PODCAST STATS/34trefadCapture.JPG,bae99c918c40e6cbf602028982cba807e648c5f0e7570a5c88c21f1eb9c9bba1,163605,.jpg,EXPOSURE_STATS,image,,unhandled
EXPOSURE_STATS/SAT — PODCAST STATS/34yt45tCapture.JPG,0de982ea5f4b4e8a6718aee3ac467138772f6fc24fa7aeaf4b549933d0c13dc8,163695,.jpg,EXPOSURE_STATS,image,,unhandled
EXPOSURE_STATS/SAT — PODCAST STATS/43t3fewfCapture.JPG,eafb8489293bb2c67914cfb6d541fa4466e7e6e470b7fdd8ef4a879bbd068906,156989,.jpg,EXPOSURE_STATS,image,,unhandled
EXPOSURE_STATS/SAT — PODCAST STATS/43tgerCapture.JPG,798e561768d7a99f77ed77456711cea6ac8ccc0672af32ec34f58c2f5746ea26,164212,.jpg,EXPOSURE_STATS,image,,unhandled
EXPOSURE_STATS/SAT — PODCAST STATS/4yt43tCapture.JPG,4f9d915d08f5e606000980dd1cbe54dad99ad02ad3e95e3509d286a521fc8be6,159519,.jpg,EXPOSURE_STATS,image,,unhandled
EXPOSURE_STATS/SAT — PODCAST STATS/5trgsCapture.JPG,30972c379da562ada3cd5f4f19e4155621f5722f36fc619920c61c2eeda3352d,164313,.jpg,EXPOSURE_STATS,image,,unhandled
EXPOSURE_STATS/SAT — PODCAST STATS/8DebatingA.I.OntheFutureofPhysics_GeoLocationAllPlatforms_all-time.csv,66736f8e59aa4d763dbefcc93797bbf02b053204acaf5f2399496f77b9fb73e4,432,.csv,EXPOSURE_STATS,csv,numeric_matrix_csv,handled
EXPOSURE_STATS/SAT — PODCAST STATS/DEBATING AI BIG STATS.txt,a5d0705454fe1aee0b9482e0e5db9011d9eb297a38704ccde8b6cb4377ba3eee,30431,.txt,EXPOSURE_STATS,text,,unhandled
EXPOSURE_STATS/SAT — PODCAST STATS/Debating  LISTENERSHIP.txt,b69fe7ab0267a553f6e1a180b0bbb98b5dafc6ec1176e623bcc1d276f50c53a3,62305,.txt,EXPOSURE_STATS,text,,unhandled
EXPOSURE_STATS/SAT — PODCAST STATS/Debating  Listeners .txt,49f5fae1d6c19c0164ccb459190a3f12dd4c8aeb49badfd37c27f7b70f37e405,3055,.txt,EXPOSURE_STATS,text,,unhandled
EXPOSURE_STATS/SAT — PODCAST STATS/Debating  Listeners 2.txt,b69fe7ab0267a553f6e1a180b0bbb98b5dafc6ec1176e623bcc1d276f50c53a3,62305,.txt,EXPOSURE_STATS,text,,unhandled
EXPOSURE_STATS/SAT — PODCAST STATS/Debating AI 1.txt,42a1591f08e0af61704d53104e6d077daecaf32b86f543c332b8342889e8ddc0,13445,.txt,EXPOSURE_STATS,text,,unhandled
EXPOSURE_STATS/SAT — PODCAST STATS/Debating AI 2.txt,d3e6408507604723a65d1036dc2a1ffb5b70a91675ad2b06d746480b0103957f,22443,.txt,EXPOSURE_STATS,text,,unhandled
EXPOSURE_STATS/SAT — PODCAST STATS/Debating AI 3.txt,c94d8c2d5df5c8defbeaa792d7162be5ddcd73291fccf6376b446cf54b9e41ee,49885,.txt,EXPOSURE_STATS,text,,unhandled
EXPOSURE_STATS/SAT — PODCAST STATS/Debating AI Episodes List.txt,f85304062c20e45f4d169aa5c823c3d54603f78f93ce6d2a9f252111e59454a0,19392,.txt,EXPOSURE_STATS,text,,unhandled
EXPOSURE_STATS/SAT — PODCAST STATS/Debating AI Morgellis.txt,e68def145baad963eb576feff779b756d5f56397f9ba090177e77d360791497e,2984,.txt,EXPOSURE_STATS,text,,unhandled
EXPOSURE_STATS/SAT — PODCAST STATS/Debating AI Podcast Stats.txt,fbcebed5b0ac33642d6d10255ec69871c63890046204a0abd4cbd5ba1798331d,193220,.txt,EXPOSURE_STATS,text,,unhandled
EXPOSURE_STATS/SAT — PODCAST STATS/Debating AI Podcast.txt,fbcebed5b0ac33642d6d10255ec69871c63890046204a0abd4cbd5ba1798331d,193220,.txt,EXPOSURE_STATS,text,,unhandled
EXPOSURE_STATS/SAT — PODCAST STATS/Debating AI Stats 2.txt,0ea704038f9f4f543f6ca2fa846084aab23178b2dc716e21065c310c00f04fb6,197752,.txt,EXPOSURE_STATS,text,,unhandled
EXPOSURE_STATS/SAT — PODCAST STATS/Debating AI Stats.txt,0d6291cd7e4a345640a57dbd20ffd93df9cf099614e133ea66fab2c1221189f9,197753,.txt,EXPOSURE_STATS,text,,unhandled
EXPOSURE_STATS/SAT — PODCAST STATS/Debating AI —  Podcast.txt,10f7615ca1399caf5812ff45869ec7480d2310896543d31a174a593256b82400,3899,.txt,EXPOSURE_STATS,text,,unhandled
EXPOSURE_STATS/SAT — PODCAST STATS/DebatingA.I.OntheFutureofPhysics_AgeByGender_all-time.csv,09a9d2e21c0360a8cbb06afd5e812a098b479600ddd585a0800be09ef5a390b0,608,.csv,EXPOSURE_STATS,csv,numeric_matrix_csv,handled
EXPOSURE_STATS/SAT — PODCAST STATS/DebatingA.I.OntheFutureofPhysics_AudienceSegments_1-1-2025--6-15-2026.csv,ce8a12a3cf27e0512ee84340b63d318f49ab07e1a11d2971ee315418dd95b806,4293,.csv,EXPOSURE_STATS,csv,numeric_matrix_csv,handled
EXPOSURE_STATS/SAT — PODCAST STATS/DebatingA.I.OntheFutureofPhysics_DailyImpressions_3-17-2026--6-14-2026 (1).csv,f4d05006bf66385da8af5a271e7571781a19dcccac6c32d45a47cb15f5390a38,1218,.csv,EXPOSURE_STATS,csv,numeric_matrix_csv,handled
EXPOSURE_STATS/SAT — PODCAST STATS/DebatingA.I.OntheFutureofPhysics_DailyImpressions_3-17-2026--6-14-2026.csv,f4d05006bf66385da8af5a271e7571781a19dcccac6c32d45a47cb15f5390a38,1218,.csv,EXPOSURE_STATS,csv,numeric_matrix_csv,handled
EXPOSURE_STATS/SAT — PODCAST STATS/DebatingA.I.OntheFutureofPhysics_Engagement_all-time (1).csv,514e24ff641ba0eda717b43317e21e8f3368efc7d8fded755e744b5b956fcc4c,11191,.csv,EXPOSURE_STATS,csv,numeric_matrix_csv,handled
EXPOSURE_STATS/SAT — PODCAST STATS/DebatingA.I.OntheFutureofPhysics_Engagement_all-time (2).csv,514e24ff641ba0eda717b43317e21e8f3368efc7d8fded755e744b5b956fcc4c,11191,.csv,EXPOSURE_STATS,csv,numeric_matrix_csv,handled
EXPOSURE_STATS/SAT — PODCAST STATS/DebatingA.I.OntheFutureofPhysics_Engagement_all-time (3).csv,514e24ff641ba0eda717b43317e21e8f3368efc7d8fded755e744b5b956fcc4c,11191,.csv,EXPOSURE_STATS,csv,numeric_matrix_csv,handled
EXPOSURE_STATS/SAT — PODCAST STATS/DebatingA.I.OntheFutureofPhysics_Engagement_all-time (4).csv,514e24ff641ba0eda717b43317e21e8f3368efc7d8fded755e744b5b956fcc4c,11191,.csv,EXPOSURE_STATS,csv,numeric_matrix_csv,handled
EXPOSURE_STATS/SAT — PODCAST STATS/DebatingA.I.OntheFutureofPhysics_Engagement_all-time.csv,514e24ff641ba0eda717b43317e21e8f3368efc7d8fded755e744b5b956fcc4c,11191,.csv,EXPOSURE_STATS,csv,numeric_matrix_csv,handled
EXPOSURE_STATS/SAT — PODCAST STATS/DebatingA.I.OntheFutureofPhysics_EpisodeCompletionRates.csv,113a41dbb5ae086da0436f530726278c592e4021fb730e00a0da0f0746b25643,797,.csv,EXPOSURE_STATS,csv,episode_metrics_csv,handled
EXPOSURE_STATS/SAT — PODCAST STATS/DebatingA.I.OntheFutureofPhysics_Gender_all-time.csv,92514011e974d2dfff845f78961e23b905a39216ef0d3e73537fc0aa5cbc4ace,118,.csv,EXPOSURE_STATS,csv,numeric_matrix_csv,handled
EXPOSURE_STATS/SAT — PODCAST STATS/DebatingA.I.OntheFutureofPhysics_GeoLocationAllPlatforms_all-time (1).csv,2b80b2428ec701256374990886ee9fccac85de85b37afc5bbaec56df8d903129,348,.csv,EXPOSURE_STATS,csv,numeric_matrix_csv,handled
EXPOSURE_STATS/SAT — PODCAST STATS/DebatingA.I.OntheFutureofPhysics_GeoLocationAllPlatforms_all-time.csv,ffbdf650a8e6892a082e2eccba86e2b359ace8381177d8604ec5187dafe59b4d,865,.csv,EXPOSURE_STATS,csv,numeric_matrix_csv,handled
EXPOSURE_STATS/SAT — PODCAST STATS/DebatingA.I.OntheFutureofPhysics_TopEpisodesByConsumptionTime_all-time (1).csv,0cc0fae313cfc0772b60a8f4abd1c97fbb757caf60d62e2de640c40e811a1b03,909,.csv,EXPOSURE_STATS,csv,episode_metrics_csv,handled
EXPOSURE_STATS/SAT — PODCAST STATS/DebatingA.I.OntheFutureofPhysics_TopEpisodesByConsumptionTime_all-time.csv,0cc0fae313cfc0772b60a8f4abd1c97fbb757caf60d62e2de640c40e811a1b03,909,.csv,EXPOSURE_STATS,csv,episode_metrics_csv,handled
EXPOSURE_STATS/SAT — PODCAST STATS/DebatingA.I.OntheFutureofPhysics_TopEpisodesByImpressions_3-17-2026--6-14-2026 (1).csv,82181a5ba3ce46b16728d077a90e7beaadf240a8efbd34ad48af54440680f59a,983,.csv,EXPOSURE_STATS,csv,episode_metrics_csv,handled
EXPOSURE_STATS/SAT — PODCAST STATS/DebatingA.I.OntheFutureofPhysics_TopEpisodesByImpressions_3-17-2026--6-14-2026.csv,82181a5ba3ce46b16728d077a90e7beaadf240a8efbd34ad48af54440680f59a,983,.csv,EXPOSURE_STATS,csv,episode_metrics_csv,handled
EXPOSURE_STATS/SAT — PODCAST STATS/DebatingA.I.OntheFutureofPhysics_TrendsChart_PlaysAndDownloads_First7Days (1).csv,77503f187b1530697d648402f8162a28d235052c5496d07171d00aa3798fcf65,13060,.csv,EXPOSURE_STATS,csv,numeric_matrix_csv,handled
EXPOSURE_STATS/SAT — PODCAST STATS/DebatingA.I.OntheFutureofPhysics_TrendsChart_PlaysAndDownloads_First7Days (10).csv,42ab243dcce4ecf92215f81aa62f2102a1159b1572ce5a2c5a947b45780e887d,13060,.csv,EXPOSURE_STATS,csv,numeric_matrix_csv,handled
EXPOSURE_STATS/SAT — PODCAST STATS/DebatingA.I.OntheFutureofPhysics_TrendsChart_PlaysAndDownloads_First7Days (2).csv,77503f187b1530697d648402f8162a28d235052c5496d07171d00aa3798fcf65,13060,.csv,EXPOSURE_STATS,csv,numeric_matrix_csv,handled
EXPOSURE_STATS/SAT — PODCAST STATS/DebatingA.I.OntheFutureofPhysics_TrendsChart_PlaysAndDownloads_First7Days (3).csv,a1db4863418e8826dd91a6f39a07d52b54646743cae70a99673274c99f038276,13060,.csv,EXPOSURE_STATS,csv,numeric_matrix_csv,handled
EXPOSURE_STATS/SAT — PODCAST STATS/DebatingA.I.OntheFutureofPhysics_TrendsChart_PlaysAndDownloads_First7Days (4).csv,f11f871f4aa948feade1a904b13e92097e58906e00965d32c764a539ffc6c640,13060,.csv,EXPOSURE_STATS,csv,numeric_matrix_csv,handled
EXPOSURE_STATS/SAT — PODCAST STATS/DebatingA.I.OntheFutureofPhysics_TrendsChart_PlaysAndDownloads_First7Days (5).csv,75abda0396494af785d88d996fcad58b6cba9063ff23a1d9a988513459229999,13060,.csv,EXPOSURE_STATS,csv,numeric_matrix_csv,handled
EXPOSURE_STATS/SAT — PODCAST STATS/DebatingA.I.OntheFutureofPhysics_TrendsChart_PlaysAndDownloads_First7Days (6).csv,75abda0396494af785d88d996fcad58b6cba9063ff23a1d9a988513459229999,13060,.csv,EXPOSURE_STATS,csv,numeric_matrix_csv,handled
EXPOSURE_STATS/SAT — PODCAST STATS/DebatingA.I.OntheFutureofPhysics_TrendsChart_PlaysAndDownloads_First7Days (7).csv,75abda0396494af785d88d996fcad58b6cba9063ff23a1d9a988513459229999,13060,.csv,EXPOSURE_STATS,csv,numeric_matrix_csv,handled
EXPOSURE_STATS/SAT — PODCAST STATS/DebatingA.I.OntheFutureofPhysics_TrendsChart_PlaysAndDownloads_First7Days (8).csv,75abda0396494af785d88d996fcad58b6cba9063ff23a1d9a988513459229999,13060,.csv,EXPOSURE_STATS,csv,numeric_matrix_csv,handled
EXPOSURE_STATS/SAT — PODCAST STATS/DebatingA.I.OntheFutureofPhysics_TrendsChart_PlaysAndDownloads_First7Days (9).csv,42ab243dcce4ecf92215f81aa62f2102a1159b1572ce5a2c5a947b45780e887d,13060,.csv,EXPOSURE_STATS,csv,numeric_matrix_csv,handled
EXPOSURE_STATS/SAT — PODCAST STATS/DebatingA.I.OntheFutureofPhysics_TrendsChart_PlaysAndDownloads_First7Days.csv,77503f187b1530697d648402f8162a28d235052c5496d07171d00aa3798fcf65,13060,.csv,EXPOSURE_STATS,csv,numeric_matrix_csv,handled
EXPOSURE_STATS/SAT — PODCAST STATS/DebatingA.I.OntheFutureofPhysics_WeekOverWeekRetention_1-1-2026--6-16-2026 (1).csv,37bc7d2921bad508feb7fdd04b7faa9e19d5a60257f49b534eceef1c2ccbf221,396,.csv,EXPOSURE_STATS,csv,numeric_matrix_csv,handled
EXPOSURE_STATS/SAT — PODCAST STATS/DebatingA.I.OntheFutureofPhysics_WeekOverWeekRetention_1-1-2026--6-16-2026.csv,37bc7d2921bad508feb7fdd04b7faa9e19d5a60257f49b534eceef1c2ccbf221,396,.csv,EXPOSURE_STATS,csv,numeric_matrix_csv,handled
EXPOSURE_STATS/SAT — PODCAST STATS/DebatingA.I.OntheFutureofPhysics_WeekOverWeekRetention_3-19-2026--6-16-2026.csv,b0a888c52021d9bcad08d9c1cd83fce9c6664e47f02d56ae07e1fbc0b65bc762,221,.csv,EXPOSURE_STATS,csv,numeric_matrix_csv,handled
EXPOSURE_STATS/SAT — PODCAST STATS/DebatingA.I.OntheNewPhysics_DailyImpressions_6-9-2026--9-6-2026.csv,4cc8d8b2162ecae097efab4c95dfa8c9037859252be070a1ccc4a01b76a130d9,1204,.csv,EXPOSURE_STATS,csv,numeric_matrix_csv,handled
EXPOSURE_STATS/SAT — PODCAST STATS/DebatingA.I.OntheNewPhysics_Engagement_all-time.csv,4c527e15571fc9058dea1f8ce3f2a1b7884800d387b1338500131e4ff67a2e02,12928,.csv,EXPOSURE_STATS,csv,numeric_matrix_csv,handled
EXPOSURE_STATS/SAT — PODCAST STATS/DebatingA.I.OntheNewPhysics_Performance_all-time.csv,9acdac0820538d6e1ff3c2e0be3164838153e2313b4a1af29398d6c8acc39ae9,12632,.csv,EXPOSURE_STATS,csv,numeric_matrix_csv,handled
EXPOSURE_STATS/SAT — PODCAST STATS/DebatingA.I.OntheNewPhysics_StreamsAndDownloads_all-time.csv,12b21cea20ba775b549a31b9947f81707ddb9baa84a4c050db69e203399d5c85,7546,.csv,EXPOSURE_STATS,csv,numeric_matrix_csv,handled
EXPOSURE_STATS/SAT — PODCAST STATS/DebatingA.I.OntheNewPhysics_TopEpisodesByConsumptionTime_all-time.csv,4d43207bb0e1a7a78a1972b86583b70659dd40de6d478b407370b7a26b95f82d,905,.csv,EXPOSURE_STATS,csv,episode_metrics_csv,handled
EXPOSURE_STATS/SAT — PODCAST STATS/DebatingA.I.OntheNewPhysics_TopEpisodesByImpressions_6-9-2026--9-6-2026.csv,db16da95143fee4982bc2d3941b1b683abc57ab7482f486ecc982ec766e3f089,944,.csv,EXPOSURE_STATS,csv,episode_metrics_csv,handled
EXPOSURE_STATS/SAT — PODCAST STATS/DebatingA.I.OntheNewPhysics_TrendsChart_AvgConsumptionTime_SincePublished (1).csv,2173c905c5d114e5dd559091a059c7d6b4c1d0e7863393b026d3d590b88b3b42,10996,.csv,EXPOSURE_STATS,csv,numeric_matrix_csv,handled
EXPOSURE_STATS/SAT — PODCAST STATS/DebatingA.I.OntheNewPhysics_TrendsChart_AvgConsumptionTime_SincePublished.csv,2173c905c5d114e5dd559091a059c7d6b4c1d0e7863393b026d3d590b88b3b42,10996,.csv,EXPOSURE_STATS,csv,numeric_matrix_csv,handled
EXPOSURE_STATS/SAT — PODCAST STATS/DebatingA.I.OntheNewPhysics_WeekOverWeekRetention_1-1-2026--9-8-2026.csv,9fb81ef177538f3529acd3ceda2d246f4a678aed4b0c77b9eb07fdc100fe9fdb,561,.csv,EXPOSURE_STATS,csv,numeric_matrix_csv,handled
EXPOSURE_STATS/SAT — PODCAST STATS/DebatingA.I.OntheNewPhysics_WhatIsThoughtMadeOfFilamentUnificationIntro_EngagementStats_since-published.csv,ef029bf77d8ed5c49a3e12b256e6e1a73b9f5c78e512cd8b0650868408d3decc,13417,.csv,EXPOSURE_STATS,csv,numeric_matrix_csv,handled
EXPOSURE_STATS/SAT — PODCAST STATS/DebatingA.I.OntheNewPhysics_WhatIsThoughtMadeOfFilamentUnificationIntro_PerformanceCombined_since-published.csv,404d288bd8e240a33c73e1c0f69456dae21e5f885c4b21ef60368d0771969ee9,9285,.csv,EXPOSURE_STATS,csv,numeric_matrix_csv,handled
EXPOSURE_STATS/SAT — PODCAST STATS/DebatingA.I.OntheNewPhysics_WhatIsThoughtMadeOfFilamentUnificationIntro_StreamsAndDownloads_all-time.csv,33cfd2a4b4a7edba5d4b9d8f771dbbbcc1f703bbdfe072982c23a38f76712b23,7509,.csv,EXPOSURE_STATS,csv,numeric_matrix_csv,handled
EXPOSURE_STATS/SAT — PODCAST STATS/PODCAST - Episodess.txt,f85304062c20e45f4d169aa5c823c3d54603f78f93ce6d2a9f252111e59454a0,19392,.txt,EXPOSURE_STATS,text,,unhandled
EXPOSURE_STATS/SAT — PODCAST STATS/SAT - Timelines .txt,5363c7a03898be32eba0600638d6ea2e71096335ec59873952b646d587a2d67e,10708,.txt,EXPOSURE_STATS,text,,unhandled
EXPOSURE_STATS/SAT — PODCAST STATS/SAT TIMELINE.txt,b4bcc1b053a0c538fb65b7a543c5e43c6dda6abcb124d1121d221dc812d37861,26034,.txt,EXPOSURE_STATS,text,,unhandled
EXPOSURE_STATS/SAT — PODCAST STATS/SAT_TIMELINE.txt,b4bcc1b053a0c538fb65b7a543c5e43c6dda6abcb124d1121d221dc812d37861,26034,.txt,EXPOSURE_STATS,text,,unhandled
EXPOSURE_STATS/SAT — PODCAST STATS/TheNewPhysics_AgeByGender_all-time.csv,0390369e7317922650764a32539356319f32591204478f19c2173a6f99a7d19b,663,.csv,EXPOSURE_STATS,csv,numeric_matrix_csv,handled
EXPOSURE_STATS/SAT — PODCAST STATS/TheNewPhysics_Apps_all-time.csv,a9fd9080dd1b7c4d8d4416911e3e709ddcbc4e2dd80c4eea3dc0486053f3447b,76,.csv,EXPOSURE_STATS,csv,numeric_matrix_csv,handled
EXPOSURE_STATS/SAT — PODCAST STATS/TheNewPhysics_Devices_all-time.csv,c94c19b624b829e4de99062a1a55422a5cc4a5076391ed3d9bf59ec8ec91bea1,166,.csv,EXPOSURE_STATS,csv,numeric_matrix_csv,handled
EXPOSURE_STATS/SAT — PODCAST STATS/TheNewPhysics_Gender_all-time.csv,b7a2005c76f42c5932961cc545f1f5fc9445f891ca3f2496a8b5693c6ff8dae5,119,.csv,EXPOSURE_STATS,csv,numeric_matrix_csv,handled
EXPOSURE_STATS/SAT — PODCAST STATS/TheNewPhysics_GeoLocationAllPlatforms_all-time.csv,519f8116c33f8bf3e39303a7d796d2be999d92694f86f270ef1ed6075895b5d6,815,.csv,EXPOSURE_STATS,csv,numeric_matrix_csv,handled
EXPOSURE_STATS/SAT — PODCAST STATS/TheNewPhysics_GeoLocationSpotify_1-1-2026--9-11-2026.csv,e5bc814faefbffdaec32d50e1dcacbef3fd1ec85f890441107c1111397291a2f,303,.csv,EXPOSURE_STATS,csv,numeric_matrix_csv,handled
EXPOSURE_STATS/SAT — PODCAST STATS/TheNewPhysics_GeoLocationSpotify_6-14-2026--9-11-2026.csv,63ff633742d7b8fb6c287910ddfba3dd9dece5930c706631e4405cf5319a1fb6,187,.csv,EXPOSURE_STATS,csv,numeric_matrix_csv,handled
EXPOSURE_STATS/SAT — PODCAST STATS/TheNewPhysics_GeoLocationSpotify_all-time.csv,d174217ad1cea658da718502f293acb3acbd8a32ddfe18a265953ec30369fcf8,831,.csv,EXPOSURE_STATS,csv,numeric_matrix_csv,handled
EXPOSURE_STATS/SAT — PODCAST STATS/TheNewPhysics_TrendsChart_AvgConsumptionTime_First7Days.csv,1b096165f990091f009c8625c91d67fee89e007b025a8fe40af12a9bb0994525,15381,.csv,EXPOSURE_STATS,csv,numeric_matrix_csv,handled
EXPOSURE_STATS/SAT — PODCAST STATS/TheNewPhysics_TrendsChart_AvgConsumptionTime_SincePublished (1).csv,47b14faa4ac02dad37138e094d6f8a4ddaac657faa498842c780241351e8fca6,10997,.csv,EXPOSURE_STATS,csv,numeric_matrix_csv,handled
EXPOSURE_STATS/SAT — PODCAST STATS/TheNewPhysics_TrendsChart_AvgConsumptionTime_SincePublished (2).csv,47b14faa4ac02dad37138e094d6f8a4ddaac657faa498842c780241351e8fca6,10997,.csv,EXPOSURE_STATS,csv,numeric_matrix_csv,handled
EXPOSURE_STATS/SAT — PODCAST STATS/TheNewPhysics_TrendsChart_AvgConsumptionTime_SincePublished (3).csv,47b14faa4ac02dad37138e094d6f8a4ddaac657faa498842c780241351e8fca6,10997,.csv,EXPOSURE_STATS,csv,numeric_matrix_csv,handled
EXPOSURE_STATS/SAT — PODCAST STATS/TheNewPhysics_TrendsChart_AvgConsumptionTime_SincePublished.csv,47b14faa4ac02dad37138e094d6f8a4ddaac657faa498842c780241351e8fca6,10997,.csv,EXPOSURE_STATS,csv,numeric_matrix_csv,handled
EXPOSURE_STATS/SAT — PODCAST STATS/aeergaerCapture.JPG,c71833891223f11ca355244ee985e143e8c337368ba4600a4858572f7782fd2a,165196,.jpg,EXPOSURE_STATS,image,,unhandled
EXPOSURE_STATS/SAT — PODCAST STATS/af4a34trfCapture.JPG,57bc24704e580c2d73fa742ba674bafcc87617b3d9e37e7df7ea96ddbc136e9f,160156,.jpg,EXPOSURE_STATS,image,,unhandled
EXPOSURE_STATS/SAT — PODCAST STATS/asdasdsCapture.JPG,b4736e045144df49f530828ef326081088166416830512a63b5dc865858d3a32,160857,.jpg,EXPOSURE_STATS,image,,unhandled
EXPOSURE_STATS/SAT — PODCAST STATS/asdasvCapture.JPG,46ad95f82914c5771575bf1daffa96be5fc4eca8b85d721b5742bb49abbbe721,162121,.jpg,EXPOSURE_STATS,image,,unhandled
EXPOSURE_STATS/SAT — PODCAST STATS/asfasdfasfweCapture.JPG,9a3d708996816f940bed5ac21647e1d5337508a1d313744a897097f78974bed6,165369,.jpg,EXPOSURE_STATS,image,,unhandled
EXPOSURE_STATS/SAT — PODCAST STATS/asv3e4erfCapture.JPG,96c31fb7f97317bb147241a3febc243fcad0fb768ffb4a30e1d4b3a31fbc94bc,162477,.jpg,EXPOSURE_STATS,image,,unhandled
EXPOSURE_STATS/SAT — PODCAST STATS/asvasdasdCapture.JPG,56ca22ad60b4ac59c5b87538f091bba86f9ed786286effca50979b3f6002907b,160674,.jpg,EXPOSURE_STATS,image,,unhandled
EXPOSURE_STATS/SAT — PODCAST STATS/atefraaefdCapture.JPG,45d3a42f2c4d93f70d550f99c56f901fa630d462b85755bc17782724ddd5cb98,159743,.jpg,EXPOSURE_STATS,image,,unhandled
EXPOSURE_STATS/SAT — PODCAST STATS/atwer3aCapture.JPG,fe763ed3f6edab96e820c7df48a6f9c62bfbcc0eed4cd183c277db11419b7982,167938,.jpg,EXPOSURE_STATS,image,,unhandled
EXPOSURE_STATS/SAT — PODCAST STATS/awfesdcdsfcCapture.JPG,1ba85b1eaae889d991f88a1c91cac828570d06c219b8ba84f144ce2676e47b41,167710,.jpg,EXPOSURE_STATS,image,,unhandled
EXPOSURE_STATS/SAT — PODCAST STATS/awvwe4Capture.JPG,0eea8853ec7716d620043d141489bbbf3bac04bc5ede0f0624ed590e07a4ba2f,165418,.jpg,EXPOSURE_STATS,image,,unhandled
EXPOSURE_STATS/SAT — PODCAST STATS/f3etg345tCapture.JPG,7f535dbe44631d511075b718d76f5680d61514aa650e432970938e49f0b7f81f,163236,.jpg,EXPOSURE_STATS,image,,unhandled
EXPOSURE_STATS/SAT — PODCAST STATS/fawsfasdfCapture.JPG,9e8f9cc7b8505b46ec9f07503a37230f2dbd887802246f290350f6b8e418ad50,158022,.jpg,EXPOSURE_STATS,image,,unhandled
EXPOSURE_STATS/SAT — PODCAST STATS/fre4tCapture.JPG,3d61ed6f6c94e7fb39aa5dcf4f5996a2cd3dfe15d54179719b919ca2b091d796,158998,.jpg,EXPOSURE_STATS,image,,unhandled
EXPOSURE_STATS/SAT — PODCAST STATS/fwfwefaweCapture.JPG,cdc9974a63001813be700c40964dfca5a1a84967483ee0630fc7d76a237882a8,156996,.jpg,EXPOSURE_STATS,image,,unhandled
EXPOSURE_STATS/SAT — PODCAST STATS/htsfgsdfgCapture.JPG,46ffb48a41936bd5c6521246fc1419ac4dd396ca294e31d9755b646170e84f10,160748,.jpg,EXPOSURE_STATS,image,,unhandled
EXPOSURE_STATS/SAT — PODCAST STATS/sdasvasddvCapture.JPG,094e7b5da5e907c5d1aa8f5f7381076d43b0d4e82e7d29b2a51a0a67c2fa8098,162602,.jpg,EXPOSURE_STATS,image,,unhandled
EXPOSURE_STATS/SAT — PODCAST STATS/sfasfsadfCapture.JPG,ec10b28ddc21b1c535853016af98d0ebcb490f18203e3f238f2bd6be413d6dfe,160720,.jpg,EXPOSURE_STATS,image,,unhandled
EXPOSURE_STATS/SAT — PODCAST STATS/sfasfvasdvCapture.JPG,6c8871c74cd3d4f70d8cf3fed5bc1bf1bd6b29820e9624eb823e955cbb234af6,165393,.jpg,EXPOSURE_STATS,image,,unhandled
EXPOSURE_STATS/SAT — PODCAST STATS/sfsadfdsfCapture.JPG,bfae0e166ca53ef86c3d99824c708310e366be8a14604c7e0c32979c7b086714,168581,.jpg,EXPOSURE_STATS,image,,unhandled
EXPOSURE_STATS/SAT — PODCAST STATS/wafwsfasdcCapture.JPG,a767331109c64263f8ff78bf2e044fdaae5049e72e3facdbf1d5e62d09d76860,164665,.jpg,EXPOSURE_STATS,image,,unhandled
EXPOSURE_STATS/SAT — PODCAST STATS/we4gaersfCapture.JPG,5c507a556504e5241e87f4545269d093037b223252b3360e2832d5351c3f7e33,159934,.jpg,EXPOSURE_STATS,image,,unhandled
EXPOSURE_STATS/SAT — PODCAST STATS/wfaedcdefrCapture.JPG,531455ce735432556d3258937c7e9d2d514d73accd61b77d556ee174e7831175,167999,.jpg,EXPOSURE_STATS,image,,unhandled
EXPOSURE_STATS/SAT_IMPACT/PARADIGM - FALLOUT.txt,4526880a95b28f072dd6356b91a88e84aa8683d424c0f1be29e868bbb223cb85,10718,.txt,EXPOSURE_STATS,text,,unhandled
EXPOSURE_STATS/SAT_IMPACT/PARADIGM CHATTER [Blind Survey].txt,bbe320bcb25190e768eb15c63a3b723867e070841437913841c5f7cd428bd979,99451,.txt,EXPOSURE_STATS,text,,unhandled
EXPOSURE_STATS/SAT_IMPACT/PARADIGM — Chatter.txt,36bca656e4b232a87c2aac0a65eb70d8b186a0bdaae7ccb4f65a76f704848bf6,23699,.txt,EXPOSURE_STATS,text,,unhandled
EXPOSURE_STATS/SAT_IMPACT/PARADIGM — TIMELINE (Git).txt,ccc31e13d682f32177718111ebf2123a5e438c51500a9777897a438eca3abddb,36745,.txt,EXPOSURE_STATS,text,,unhandled
EXPOSURE_STATS/SAT_IMPACT/SAT RECON — Gg1.txt,08ac4a2f501020aa146db45ef7384790c816aac0f0936038edac763b353efdf9,38166,.txt,EXPOSURE_STATS,text,,unhandled
EXPOSURE_STATS/SAT_IMPACT/SAT RECON — Gg2.txt,8cbf9bc2255105e863ae5710831218bcbe160b7af18da1af4e5577fc8f421c1d,10900,.txt,EXPOSURE_STATS,text,,unhandled
EXPOSURE_STATS/SAT_IMPACT/SAT RECON — Gg3.txt,61bb52495a9a54e6230c5404152fac61487b6851a212a6120876aed6d11778d1,16137,.txt,EXPOSURE_STATS,text,,unhandled
EXPOSURE_STATS/SAT_IMPACT/SAT RECON — Gg4.txt,7a850bd354617411a4c0e591dc798fc8553884f25b097508712ce774e0766fe2,91456,.txt,EXPOSURE_STATS,text,,unhandled
EXPOSURE_STATS/SAT_IMPACT/SAT RECON — Goog.txt,61bb52495a9a54e6230c5404152fac61487b6851a212a6120876aed6d11778d1,16137,.txt,EXPOSURE_STATS,text,,unhandled
EXPOSURE_STATS/SAT_IMPACT/SAT RECON — google4.txt,6c790488351e1703fbb96190528916dfe9b48654ae43f69d24581c8763a21106,122608,.txt,EXPOSURE_STATS,text,,unhandled
EXPOSURE_STATS/SAT_IMPACT/SAT TO DO — Citations.txt,3b3ce1202f7336bb3dc85e6cd050bc90d5862631775a3f310cd2c57ad279e0d0,117192,.txt,EXPOSURE_STATS,text,,unhandled
EXPOSURE_STATS/SAT_IMPACT/SAT TO DO — Google py.txt,4390e6442065f2ccef235a390bac5c3e22f80292d545146499fc896913379a37,33610,.txt,EXPOSURE_STATS,text,,unhandled
EXPOSURE_STATS/SAT_IMPACT/namecalcCapture.PNG,e0b0e684c9a404a8f9b213b9bb1d8ff77f1108862783f947f4b73414071f09ff,116952,.png,EXPOSURE_STATS,image,,unhandled
EXPOSURE_STATS/SAT_IMPACT/trends.PNG,be8f1dc5ce67dae1914032ad214178f380309e2aa4344c17d6a809ca75b5995d,139735,.png,EXPOSURE_STATS,image,,unhandled
EXPOSURE_STATS/SAT_IMPACT/trends2.PNG,e28a7601470d97b13ab936b2a18d9a7e0f055a632b648131eb8fb3cb94b4922e,144720,.png,EXPOSURE_STATS,image,,unhandled
EXPOSURE_STATS/SAT_IMPACT/uniCapture.PNG,09d2369ecdc3845a8ad2c961becfa861f207497eda458419e5eae705b8c3b5c0,312997,.png,EXPOSURE_STATS,image,,unhandled
EXPOSURE_STATS/_SAT  Satobloc GitHubStats/9.8.26 -- GITSTATS.txt,4d05b061228157d175b295d85ceec29f40e9d7b6941c2d165230ad788ed98649,7398,.txt,EXPOSURE_STATS,text,,unhandled
EXPOSURE_STATS/_SAT  Satobloc GitHubStats/CONTROLS/gitignore.txt,01ba4719c80b6fe911b091a7c05124b64eeece964e09c058ef8f9805daca546b,1,.txt,EXPOSURE_STATS,text,,unhandled
EXPOSURE_STATS/_SAT  Satobloc GitHubStats/Clones in last 14 days (1).csv,66b843dfb015c636d678dc4ad2d17117b0196c566aaf0ecaad899ed8ff2ec9ef,180,.csv,EXPOSURE_STATS,csv,numeric_matrix_csv,handled
EXPOSURE_STATS/_SAT  Satobloc GitHubStats/Clones in last 14 days (2).csv,583e4343442c4e8c2b8faac44db5e638abbbc1e22ac718192fc28aa3fe81fa3e,163,.csv,EXPOSURE_STATS,csv,numeric_matrix_csv,handled
EXPOSURE_STATS/_SAT  Satobloc GitHubStats/Clones in last 14 days.csv,761b20730af235bc96e52eaafcf4c88833176059f49cef783248f4145b9ca67e,194,.csv,EXPOSURE_STATS,csv,numeric_matrix_csv,handled
EXPOSURE_STATS/_SAT  Satobloc GitHubStats/Code frequency.csv,227f9972c053d88c59ae262514dde415c8824b469845dd6c3e1858ad489a1b7a,975,.csv,EXPOSURE_STATS,csv,numeric_matrix_csv,handled
EXPOSURE_STATS/_SAT  Satobloc GitHubStats/Commits (1).csv,650156a42b78fc41d544c7458686bd355eaedd04fbf385ffd889a9600bca16ab,817,.csv,EXPOSURE_STATS,csv,numeric_matrix_csv,handled
EXPOSURE_STATS/_SAT  Satobloc GitHubStats/Commits over time (1).csv,02b57a0820fa0c896878c2c91892e8f0270effe66a1e5fac339ca9f308571c09,756,.csv,EXPOSURE_STATS,csv,numeric_matrix_csv,handled
EXPOSURE_STATS/_SAT  Satobloc GitHubStats/Commits over time.csv,02b57a0820fa0c896878c2c91892e8f0270effe66a1e5fac339ca9f308571c09,756,.csv,EXPOSURE_STATS,csv,numeric_matrix_csv,handled
EXPOSURE_STATS/_SAT  Satobloc GitHubStats/Commits.csv,64eeb8237edeb9e0aeba19842ac9f1d028bd0137ac04ef919438214b9a6682b2,811,.csv,EXPOSURE_STATS,csv,numeric_matrix_csv,handled
EXPOSURE_STATS/_SAT  Satobloc GitHubStats/GITHUB ACTIVITY - Changing paradigm .txt,5bbc3aab2e8e9de592e9ab71ef718204ebe0c34d82c0c9246805930711736c6e,9397,.txt,EXPOSURE_STATS,text,,unhandled
EXPOSURE_STATS/_SAT  Satobloc GitHubStats/GITHUB ACTIVITY - Clones in last 14 days.csv,2cbb766eadd764771cb4ff0ed2c18b77af97d1aad77e99b836b497f443553775,161,.csv,EXPOSURE_STATS,csv,numeric_matrix_csv,handled
EXPOSURE_STATS/_SAT  Satobloc GitHubStats/GITHUB ACTIVITY - MAY GITHUB ACTIVITY.txt,5f35c6e848a6eb00c2f3cfc424d6000e796005934665e28432e367b5c9690832,4086,.txt,EXPOSURE_STATS,text,,unhandled
EXPOSURE_STATS/_SAT  Satobloc GitHubStats/GITHUB ACTIVITY - Satobloc's Commits.csv,313b0d3ab3470848f203ba1333537ab08805a40322d93fabfc19a562e2485cbc,488,.csv,EXPOSURE_STATS,csv,numeric_matrix_csv,handled
EXPOSURE_STATS/_SAT  Satobloc GitHubStats/GITHUB ACTIVITY - Unique cloners in last 14 days.csv,2292c55e99962c85ac3cb4d4896c431d0c1d22b657c01db983dbb6fa95742787,162,.csv,EXPOSURE_STATS,csv,numeric_matrix_csv,handled
EXPOSURE_STATS/_SAT  Satobloc GitHubStats/GITHUB ACTIVITY - Unique visitors in last 14 days.csv,bdc002ee89d6450dfe075d7abfb418b31c26035d87e5a1d20ba75502fa98a407,162,.csv,EXPOSURE_STATS,csv,numeric_matrix_csv,handled
EXPOSURE_STATS/_SAT  Satobloc GitHubStats/GITHUB_ASSISTANT_CONVO.txt,ce930064aea4d18febde492b7a40939159443f53c4fd8b4ae394b7509895bdfb,40101,.txt,EXPOSURE_STATS,text,,unhandled
EXPOSURE_STATS/_SAT  Satobloc GitHubStats/GITHUB_INSIGHTS.txt,75595ad43b3be82e56436c0bb4fc9bb9acc3f985d1dd92747f66d7a775636948,91478,.txt,EXPOSURE_STATS,text,,unhandled
EXPOSURE_STATS/_SAT  Satobloc GitHubStats/HSH ACTIVITY.txt,710d053e3e03fe896235b6685fc24bb0b1c080d205c9f4cdb0c363bd350c22db,2061,.txt,EXPOSURE_STATS,text,,unhandled
EXPOSURE_STATS/_SAT  Satobloc GitHubStats/HSH_TRAFFIC_23SEP26.txt,5a852cd8cef0ed2d4650040d9002f7818796044702daecea876a38e7756a5526,8199,.txt,EXPOSURE_STATS,text,,unhandled
EXPOSURE_STATS/_SAT  Satobloc GitHubStats/HSH_commits.txt,45c6c6391ef56f1984a82893d21a90430f4e96d1b64fd7306d093d95e4116874,3193,.txt,EXPOSURE_STATS,text,,unhandled
EXPOSURE_STATS/_SAT  Satobloc GitHubStats/HSH_gitclones.txt,2114e36c7162be25ef4bdfe18818bd009a914cda7ffdbc85c893d650157a7940,5366,.txt,EXPOSURE_STATS,text,,unhandled
EXPOSURE_STATS/_SAT  Satobloc GitHubStats/MAIN_ARCHIVE_COMMITS.txt,ef85661f5b221eef79a030eb7acd22cb41d8eb03b70a171e8fda7996a32f48ea,3174,.txt,EXPOSURE_STATS,text,,unhandled
EXPOSURE_STATS/_SAT  Satobloc GitHubStats/MARKOVMUM.txt,81631fa48b030c138778f56f68a87aec341a555986cde25b477247ab43f1afd4,5263,.txt,EXPOSURE_STATS,text,,unhandled
EXPOSURE_STATS/_SAT  Satobloc GitHubStats/SAT GIT — Clones in last 14 days copy.csv,c3ba5ccd08e17cd026b0d0c8dc73140ad16f24bf3657add8a827bb67e7da8bfb,163,.csv,EXPOSURE_STATS,csv,numeric_matrix_csv,handled
EXPOSURE_STATS/_SAT  Satobloc GitHubStats/SAT GIT — Clones in last 14 days.csv,2cbb766eadd764771cb4ff0ed2c18b77af97d1aad77e99b836b497f443553775,161,.csv,EXPOSURE_STATS,csv,numeric_matrix_csv,handled
EXPOSURE_STATS/_SAT  Satobloc GitHubStats/SAT GIT — Commits over time.csv,313b0d3ab3470848f203ba1333537ab08805a40322d93fabfc19a562e2485cbc,488,.csv,EXPOSURE_STATS,csv,numeric_matrix_csv,handled
EXPOSURE_STATS/_SAT  Satobloc GitHubStats/SAT GIT — Git Total views in last 14 days.csv,b7d6e6a179431c370273fd3a3ab8a120d4a27ee268e6a42f9028d2ab023747aa,163,.csv,EXPOSURE_STATS,csv,numeric_matrix_csv,handled
EXPOSURE_STATS/_SAT  Satobloc GitHubStats/SAT GIT — Git Unique cloners in last 14 days.csv,70b4f18d73505cd2ef29938d7f497e2efde8395cc4faea45c64699a628c1c8ee,164,.csv,EXPOSURE_STATS,csv,numeric_matrix_csv,handled
EXPOSURE_STATS/_SAT  Satobloc GitHubStats/SAT GIT — Git Unique visitors in last 14 days.csv,4520de39546e54e159e5335ee89f8acec218bdcec660966ffe74fca6f72110b5,162,.csv,EXPOSURE_STATS,csv,numeric_matrix_csv,handled
EXPOSURE_STATS/_SAT  Satobloc GitHubStats/SAT GIT — MAY GITHUB ACTIVITY.txt,5f35c6e848a6eb00c2f3cfc424d6000e796005934665e28432e367b5c9690832,4086,.txt,EXPOSURE_STATS,text,,unhandled
EXPOSURE_STATS/_SAT  Satobloc GitHubStats/SAT GIT — Satobloc's Commits.csv,313b0d3ab3470848f203ba1333537ab08805a40322d93fabfc19a562e2485cbc,488,.csv,EXPOSURE_STATS,csv,numeric_matrix_csv,handled
EXPOSURE_STATS/_SAT  Satobloc GitHubStats/SAT GIT — Total views in last 14 days 2.csv,f80612ec39a4da59b70064e3140235e91d89ed83c1642f647f58612afac71952,161,.csv,EXPOSURE_STATS,csv,numeric_matrix_csv,handled
EXPOSURE_STATS/_SAT  Satobloc GitHubStats/SAT GIT — Total views in last 14 days.csv,f80612ec39a4da59b70064e3140235e91d89ed83c1642f647f58612afac71952,161,.csv,EXPOSURE_STATS,csv,numeric_matrix_csv,handled
EXPOSURE_STATS/_SAT  Satobloc GitHubStats/SAT GIT — Unique cloners in last 14 days.csv,2292c55e99962c85ac3cb4d4896c431d0c1d22b657c01db983dbb6fa95742787,162,.csv,EXPOSURE_STATS,csv,numeric_matrix_csv,handled
EXPOSURE_STATS/_SAT  Satobloc GitHubStats/SAT GIT — Unique visitors in last 14 days.csv,bdc002ee89d6450dfe075d7abfb418b31c26035d87e5a1d20ba75502fa98a407,162,.csv,EXPOSURE_STATS,csv,numeric_matrix_csv,handled
EXPOSURE_STATS/_SAT  Satobloc GitHubStats/SATOBLOC ACTIVITY.txt,d452eb36bf3d1707e4c4279dae2ed649386b2869e853570137d1f8d4d8c8599c,1996,.txt,EXPOSURE_STATS,text,,unhandled
EXPOSURE_STATS/_SAT  Satobloc GitHubStats/SAT_GIT_JUN10.txt,5cea52387160217e7d4bf024a5b06b95b4bc2f97ccf2cb5496e3d387185cb9ca,2392,.txt,EXPOSURE_STATS,text,,unhandled
EXPOSURE_STATS/_SAT  Satobloc GitHubStats/SAT_TRAFFIC_23SEP26.txt,b569d6eacbb4b34eab761a2d7b7c22b2170d037a7699025eedfedba13027d5a6,4872,.txt,EXPOSURE_STATS,text,,unhandled
EXPOSURE_STATS/_SAT  Satobloc GitHubStats/Satobloc's Commits (1).csv,2515cde2742b7241c6e58bad5609ba56837e7bd92f76bafb424b12f583d916ba,755,.csv,EXPOSURE_STATS,csv,numeric_matrix_csv,handled
EXPOSURE_STATS/_SAT  Satobloc GitHubStats/Satobloc's Commits.csv,daa673c5522179a5020d6481ae42aec0ad20e550312b0eb6d7522cef9dda292d,724,.csv,EXPOSURE_STATS,csv,numeric_matrix_csv,handled
EXPOSURE_STATS/_SAT  Satobloc GitHubStats/Satobloc_SAT_THEORY_ARCHIVE_2023-25_b588e6.json,333144206ba6f17d3ca1090c1165d657d740b5b5dd4cd8a58b5bc0663e477412,6958,.json,EXPOSURE_STATS,json,generic_json,needs_adapter
EXPOSURE_STATS/_SAT  Satobloc GitHubStats/Total views in last 14 days (1).csv,b6dbcfcc5425d892d1895e55a3a150178400fa1e80a1608cef2380f2a2786dbc,172,.csv,EXPOSURE_STATS,csv,numeric_matrix_csv,handled
EXPOSURE_STATS/_SAT  Satobloc GitHubStats/Total views in last 14 days (2).csv,27a804b9e33461a303e2530a28e5e890458a97713e571b6eaa80448cbb279b5b,168,.csv,EXPOSURE_STATS,csv,numeric_matrix_csv,handled
EXPOSURE_STATS/_SAT  Satobloc GitHubStats/Total views in last 14 days.csv,2afee84d714812926db4ed166a23bceb5e4a65cd4548bcf1314d117d22cb0184,177,.csv,EXPOSURE_STATS,csv,numeric_matrix_csv,handled
EXPOSURE_STATS/_SAT  Satobloc GitHubStats/Total views in last 14 days.png,0c4d76e2d2e2de7400ed865cad70c4bb3d094d855ee9a174a7bb41090c71c0a0,61315,.png,EXPOSURE_STATS,image,,unhandled
EXPOSURE_STATS/_SAT  Satobloc GitHubStats/Unique cloners in last 14 days (1).csv,3d260740f7da86fd0440f350a3dec6f134fe7e8f45766acac83af0b153fbcfd9,172,.csv,EXPOSURE_STATS,csv,numeric_matrix_csv,handled
EXPOSURE_STATS/_SAT  Satobloc GitHubStats/Unique cloners in last 14 days (2).csv,9102bc233be67f4b0c0c3b18c6f9101a845717e24c5d3349e47cfd7a3afce6d7,162,.csv,EXPOSURE_STATS,csv,numeric_matrix_csv,handled
EXPOSURE_STATS/_SAT  Satobloc GitHubStats/Unique cloners in last 14 days.csv,75ef707b11a8be9698926fb4dfa9dfbc0d519c61bbe08a92891d0f550f8e05b3,188,.csv,EXPOSURE_STATS,csv,numeric_matrix_csv,handled
EXPOSURE_STATS/_SAT  Satobloc GitHubStats/Unique visitors in last 14 days (1).csv,d52e0069472ec758b1099ba4505e7c3b3e48b3cad2a8465797529262dee122ee,162,.csv,EXPOSURE_STATS,csv,numeric_matrix_csv,handled
EXPOSURE_STATS/_SAT  Satobloc GitHubStats/Unique visitors in last 14 days (2).csv,34a8294191da7497ff422401bd02893355ddd709456de1dd3b36f7994f4af28d,163,.csv,EXPOSURE_STATS,csv,numeric_matrix_csv,handled
EXPOSURE_STATS/_SAT  Satobloc GitHubStats/Unique visitors in last 14 days.csv,df7e6502b7432863fb2443fe66a222cf1aa30e2615756b4de0e05bb09b3607ef,162,.csv,EXPOSURE_STATS,csv,numeric_matrix_csv,handled
EXPOSURE_STATS/_SAT  Satobloc GitHubStats/github-actions[bot]'s Commits (1).csv,65bf7116ae10e64608d85d69b22d0fe99a0b51da63c8f10189c003842bb0683c,751,.csv,EXPOSURE_STATS,csv,numeric_matrix_csv,handled
EXPOSURE_STATS/_SAT  Satobloc GitHubStats/github-actions[bot]'s Commits.csv,e70b2c24f383df982023b0c7cf77a4d2997a0ed06a32110e270e94ea0c30dfd2,721,.csv,EXPOSURE_STATS,csv,numeric_matrix_csv,handled
EXPOSURE_STATS/_SAT  Satobloc GitHubStats/github_stats10jun.txt,f5187df72a1a5727b2e7ed3e50be8c7a8cafaab9230def15be30afbb2bc228b8,629,.txt,EXPOSURE_STATS,text,,unhandled
EXPOSURE_STATS/_SAT  Satobloc GitHubStats/github_traffic_readme.txt,9c4ce5acaac52c03653c7c07aec9599a5886bb4cbd14abcb664bc0804c32f993,2002,.txt,EXPOSURE_STATS,text,,unhandled
EXPOSURE_STATS/_SAT  Satobloc GitHubStats/sat_gitclones.txt,b301d4d06e8c276223f496bf1fefbc9531b0abd28f40655f6db8792dfa1f44b1,5165,.txt,EXPOSURE_STATS,text,,unhandled
EXPOSURE_STATS/_SAT  Satobloc GitHubStats/stereoscope_e7da221874e02410948deb78c586f0b9.jpg,99d8545a976732839bfce6ffbca709e34fd771e80d8ad6392121830d59b2d86f,49955,.jpg,EXPOSURE_STATS,image,,unhandled
LIVE_RESEARCH_UPDATES/1301.1361v2.pdf,cbe0ac6ce9a8c8f91cc32915dcf324d55721438ebd21c5177095d634a4a9ba85,801738,.pdf,LIVE_RESEARCH_UPDATES,pdf,,unhandled
LIVE_RESEARCH_UPDATES/589s-s1yy.pdf,63c3435b2fd525afcf8672db37bdb8e2b0438550a57a3fb9aea4f53ce3208a4c,12431006,.pdf,LIVE_RESEARCH_UPDATES,pdf,,unhandled
LIVE_RESEARCH_UPDATES/6dt2-sq44.pdf,5507eaede9f2237fd272598086971096f1557543474151213156ff5d0a25a77e,1193735,.pdf,LIVE_RESEARCH_UPDATES,pdf,,unhandled
LIVE_RESEARCH_UPDATES/8x7k-rwx2.pdf,bf8b7c9755f53fb4c9ce129ee03d515f010c5f7b1211098b7cd72dad3982a39f,472650,.pdf,LIVE_RESEARCH_UPDATES,pdf,,unhandled
LIVE_RESEARCH_UPDATES/Can AI find physics beyond the standard model_.pdf,72f21ed12d5a937c95540dace2700bc5b190a6132cf89691bc9a4b2d79440193,4006830,.pdf,LIVE_RESEARCH_UPDATES,pdf,,unhandled
LIVE_RESEARCH_UPDATES/EINSTEIN EQUIVALENCE PRINC.txt,31e249e7c80023a4eaa6e480212f4e50f891946758199952377a92b9eb4322d9,370173,.txt,LIVE_RESEARCH_UPDATES,text,,unhandled
LIVE_RESEARCH_UPDATES/HOURLY_SCAN_ROTATION.md,f0ca535c9d4d22da6994cc8bc6d6686cbf48a92edb2921d0cf62921352a517f8,4166,.md,LIVE_RESEARCH_UPDATES,text,,unhandled
LIVE_RESEARCH_UPDATES/PhysRevD.80.065020.pdf,b597e36c5f4d2c0586071c1693480693737f8b43e426c047cd0b946074de063f,1057795,.pdf,LIVE_RESEARCH_UPDATES,pdf,,unhandled
LIVE_RESEARCH_UPDATES/Physics.19.120.pdf,c609fa471a672bd6f1ebfa93568aceddd6280f839f3f41721208ca2d201f2ddf,75459,.pdf,LIVE_RESEARCH_UPDATES,pdf,,unhandled
LIVE_RESEARCH_UPDATES/geodesics.txt,cbdc24ded3e6753a974bc7c0dcb00cff7c169db96b23244855e74c0b9621bb5d,65712,.txt,LIVE_RESEARCH_UPDATES,text,,unhandled
LIVE_RESEARCH_UPDATES/gilliardASTP1-4-2020.pdf,addb696c7bfb9f3ba6350a8ead842bfb3c148bce385989d6fdc5ca31a166e852,524400,.pdf,LIVE_RESEARCH_UPDATES,pdf,,unhandled
LIVE_RESEARCH_UPDATES/gpzj-ch7h.pdf,d61152849c1c05f38643f568e128437c63915974d7610347bb1b94e7a06afbae,204829,.pdf,LIVE_RESEARCH_UPDATES,pdf,,unhandled
LIVE_RESEARCH_UPDATES/k41k-2pnc.pdf,325df60a77e33a80b5652f3870c46002c675f270f37904c219b0bd000cb711a6,1654459,.pdf,LIVE_RESEARCH_UPDATES,pdf,,unhandled
LIVE_RESEARCH_UPDATES/m4h9-s6y6.pdf,69ebe3e54e5c0ef91f5a5aa0e929619d59629c6c27ba7c9ce0af2c2dea2c172a,1042319,.pdf,LIVE_RESEARCH_UPDATES,pdf,,unhandled
LIVE_RESEARCH_UPDATES/rnx6-wqpf.pdf,ac2dc48b7e8709c0f71eb078712d16eb6f4a5e072df0d61dc8ef75ae6341a0e2,296600,.pdf,LIVE_RESEARCH_UPDATES,pdf,,unhandled
LIVE_RESEARCH_UPDATES/rspa.2025.0413.pdf,d4affed459e167c3a802706bbee8fbab6116faf3926162ff1cfc5bfe27fa93c2,1088089,.pdf,LIVE_RESEARCH_UPDATES,pdf,,unhandled
LIVE_RESEARCH_UPDATES/s41467-026-76389-4_reference.pdf,f173b0840e4b1d04f9049771b8698a1a13560e00baabfcff318acc1d119d9aab,13510559,.pdf,LIVE_RESEARCH_UPDATES,pdf,,unhandled
LIVE_RESEARCH_UPDATES/s41586-026-10904-x.pdf,09172367691a0cc4af8d4645dd05f9b5d4aa2e0a764380c563bdc97971bf8141,10478424,.pdf,LIVE_RESEARCH_UPDATES,pdf,,unhandled
LIVE_RESEARCH_UPDATES/universe-12-00002-v2.pdf,2435c42f2ecb4677d71d7260360edacf32edcc7f799a2ecd6143d3f721c61681,2145588,.pdf,LIVE_RESEARCH_UPDATES,pdf,,unhandled
LIVE_RESEARCH_UPDATES/w1sd-v69d.pdf,f9139507c03a4a58d03a5f43d82a02d8db1bd64b21fb4eaebd648121be8422cd,764891,.pdf,LIVE_RESEARCH_UPDATES,pdf,,unhandled
LIVE_RESEARCH_UPDATES/w6x5-cwbm.pdf,770b59cad0400c9547f4782bca63757169f7a6f63b2b74ec2b38ce693f3b9dc5,972097,.pdf,LIVE_RESEARCH_UPDATES,pdf,,unhandled
OUTSIDE RESEARCH LIBRARY/CONTEMPORARY RESEARCH/2608.23220v1.pdf,02c2b6f97750be5411d8fa6a7df126ab1d29e6023a786cda3c305d3c25311f0c,248710,.pdf,OUTSIDE RESEARCH LIBRARY,pdf,,unhandled
OUTSIDE RESEARCH LIBRARY/CONTEMPORARY RESEARCH/2608.23496v1.pdf,4af9bca832587f5bcee8ff41185b90358964a7902fd3d931bc55e72cbea22f7c,1466578,.pdf,OUTSIDE RESEARCH LIBRARY,pdf,,unhandled
OUTSIDE RESEARCH LIBRARY/CONTEMPORARY RESEARCH/2608.24002v1.pdf,62b66317da58231100f02164b8d0a17d0acaf91bd481474d531dd889cd4daedc,3104833,.pdf,OUTSIDE RESEARCH LIBRARY,pdf,,unhandled
OUTSIDE RESEARCH LIBRARY/CONTEMPORARY RESEARCH/2608.24108v1.pdf,c79b32a31fea28a6ac9479b1e68a62013037975c0e871d573c94d24074239ca2,1265281,.pdf,OUTSIDE RESEARCH LIBRARY,pdf,,unhandled
OUTSIDE RESEARCH LIBRARY/CONTEMPORARY RESEARCH/2608.24675v1.pdf,4a7e7617625d1a67676570787bff7b3c8e5c628696900638576463d9ad502d54,730318,.pdf,OUTSIDE RESEARCH LIBRARY,pdf,,unhandled
OUTSIDE RESEARCH LIBRARY/CONTEMPORARY RESEARCH/2608.24796v1.pdf,c14909a5a79a4b262a590e6dce56050a8cbb446b7c3fd552a66329a8888a8203,437344,.pdf,OUTSIDE RESEARCH LIBRARY,pdf,,unhandled
OUTSIDE RESEARCH LIBRARY/CONTEMPORARY RESEARCH/2608.24800v1.pdf,8b63782d2b09f73c56c430e4a4d353df745d11347c2364ece8af866ca2632c5a,396576,.pdf,OUTSIDE RESEARCH LIBRARY,pdf,,unhandled
OUTSIDE RESEARCH LIBRARY/CONTEMPORARY RESEARCH/2608.25563v1.pdf,13d02e50602311b93a6a08f255729b079be41a39429b6d1b42adeb44148d228e,5061566,.pdf,OUTSIDE RESEARCH LIBRARY,pdf,,unhandled
OUTSIDE RESEARCH LIBRARY/CONTEMPORARY RESEARCH/2608.25722v1.pdf,9433dbf06997590ecc9303203de01b85ec02d4915a16374adb8ab492020e9a55,431654,.pdf,OUTSIDE RESEARCH LIBRARY,pdf,,unhandled
OUTSIDE RESEARCH LIBRARY/CONTEMPORARY RESEARCH/2608.26020v1.pdf,3a61c5c6dd200903acdf554cb65a97402f68b67cdc7b54f9a98208ad6d420e05,910932,.pdf,OUTSIDE RESEARCH LIBRARY,pdf,,unhandled
OUTSIDE RESEARCH LIBRARY/CONTEMPORARY RESEARCH/2608.26096v1.pdf,2f3485d0af7c8549789ea1e3163015709061dfb746cf8dc402c204364ed7a067,597297,.pdf,OUTSIDE RESEARCH LIBRARY,pdf,,unhandled
OUTSIDE RESEARCH LIBRARY/CONTEMPORARY RESEARCH/2608.26242v1.pdf,82f00f0d12716ea7218f386a405b1aa1b9de2230cb089270c592aa594780fed8,1395545,.pdf,OUTSIDE RESEARCH LIBRARY,pdf,,unhandled
OUTSIDE RESEARCH LIBRARY/CONTEMPORARY RESEARCH/2608.26472v2.pdf,fac505c4afcfcfd450de51b0a756657c66fe5199a2058ded032ba928fd88c485,418117,.pdf,OUTSIDE RESEARCH LIBRARY,pdf,,unhandled
OUTSIDE RESEARCH LIBRARY/CONTEMPORARY RESEARCH/2608.26997v1.pdf,3887cf972d4c868204e3bdb1fc4473bd37150203bd368174b67a14caaa8a721a,834998,.pdf,OUTSIDE RESEARCH LIBRARY,pdf,,unhandled
OUTSIDE RESEARCH LIBRARY/CONTEMPORARY RESEARCH/2608.27014v1.pdf,9b8130706086099d9c018ea712451ca09768db4e88d3a3e2b644f666329afc66,314154,.pdf,OUTSIDE RESEARCH LIBRARY,pdf,,unhandled
OUTSIDE RESEARCH LIBRARY/CONTEMPORARY RESEARCH/2608.27297v1.pdf,1781e870ad41a28a72b2b8d42c84a749285537155b03a5f62d018ea6d8fded7d,312320,.pdf,OUTSIDE RESEARCH LIBRARY,pdf,,unhandled
OUTSIDE RESEARCH LIBRARY/CONTEMPORARY RESEARCH/2608.27640v1.pdf,2769c6029e1d24aad31fa38a9e7077bded1867afe9a54603838d6a231ef99041,399065,.pdf,OUTSIDE RESEARCH LIBRARY,pdf,,unhandled
OUTSIDE RESEARCH LIBRARY/CONTEMPORARY RESEARCH/2608.27721v1.pdf,23d3aa8449c5f803d2726913073ff3aedfd23bdc2756c2ddb7607c0f5393d323,1076377,.pdf,OUTSIDE RESEARCH LIBRARY,pdf,,unhandled
OUTSIDE RESEARCH LIBRARY/CONTEMPORARY RESEARCH/2608.27900v1.pdf,e5897dc100d8870fb66ba0c14ad460843ca32b9042cf34f74e587b114ba3c4ce,2430766,.pdf,OUTSIDE RESEARCH LIBRARY,pdf,,unhandled
OUTSIDE RESEARCH LIBRARY/CONTEMPORARY RESEARCH/2608.28751v1.pdf,e3d66a550a639c3d0f62e6e6f08be094fb0dfd79c486c95baf6a01f5115c0e16,563302,.pdf,OUTSIDE RESEARCH LIBRARY,pdf,,unhandled
OUTSIDE RESEARCH LIBRARY/CONTEMPORARY RESEARCH/2608.28789v1.pdf,73c4c7983fc8a14607631bf681d09ca76abdc326e9c60cd55b7e13c3d6e82d5b,7149287,.pdf,OUTSIDE RESEARCH LIBRARY,pdf,,unhandled
OUTSIDE RESEARCH LIBRARY/CONTEMPORARY RESEARCH/2608.28850v1.pdf,2c082c34ac0fd352fbbf0fc6e6a44a425b9fec7f2893d30c1661627a47ca4c47,825768,.pdf,OUTSIDE RESEARCH LIBRARY,pdf,,unhandled
OUTSIDE RESEARCH LIBRARY/CONTEMPORARY RESEARCH/2608.28901v1.pdf,7f8992f9ec55e439e4e7720fbaeeaa21c0fad69deb508ee5a39d9a2e6f8e2ca2,382653,.pdf,OUTSIDE RESEARCH LIBRARY,pdf,,unhandled
OUTSIDE RESEARCH LIBRARY/CONTEMPORARY RESEARCH/2608.29277v1.pdf,2b312d4231168ffec0cb01acd07beda11521cd0372f74522d85baa886207cf26,834616,.pdf,OUTSIDE RESEARCH LIBRARY,pdf,,unhandled
OUTSIDE RESEARCH LIBRARY/CONTEMPORARY RESEARCH/2608.29402v1.pdf,5c6cc73c66909b1f7adefac50985fad7d3b3f5d1f372083576d00d62a5d64a31,725470,.pdf,OUTSIDE RESEARCH LIBRARY,pdf,,unhandled
OUTSIDE RESEARCH LIBRARY/CONTEMPORARY RESEARCH/2608.29594v1.pdf,706fbffde9fc99152b540783f3b8494969d6749200a41292ccb13f6e19cc065d,502077,.pdf,OUTSIDE RESEARCH LIBRARY,pdf,,unhandled
OUTSIDE RESEARCH LIBRARY/CONTEMPORARY RESEARCH/2608.29718v1.pdf,721f5d50f3a36c6181890e1baafca39d7a1765e6facd470ccf351e254454f784,1530095,.pdf,OUTSIDE RESEARCH LIBRARY,pdf,,unhandled
OUTSIDE RESEARCH LIBRARY/CONTEMPORARY RESEARCH/2608.29727v1.pdf,4e767456f7b3dd63515d9e4435c673910786aff162831335db8ceeadea72b3bc,879249,.pdf,OUTSIDE RESEARCH LIBRARY,pdf,,unhandled
OUTSIDE RESEARCH LIBRARY/CONTEMPORARY RESEARCH/2608.29801v1.pdf,e371c227d4c5818fb59bc95932010304464219046a7c3ba6acb39d6be658c4ec,553300,.pdf,OUTSIDE RESEARCH LIBRARY,pdf,,unhandled
OUTSIDE RESEARCH LIBRARY/CONTEMPORARY RESEARCH/2608.30049v1.pdf,d1a1d1fdf1fa92217a571570acdc7e50097b4f6500bed95660be8d0d33f25a97,4131275,.pdf,OUTSIDE RESEARCH LIBRARY,pdf,,unhandled
OUTSIDE RESEARCH LIBRARY/CONTEMPORARY RESEARCH/2608.30075v1.pdf,85a614d117a6e085d629e6601f74e9e446ec6186a3f40d825afaf6c13bd0dd87,665696,.pdf,OUTSIDE RESEARCH LIBRARY,pdf,,unhandled
OUTSIDE RESEARCH LIBRARY/CONTEMPORARY RESEARCH/2608.30154v1.pdf,a3ea961d8de088c38fe411a794101309a9af023ae77bec6b170fc47e55b67f39,975293,.pdf,OUTSIDE RESEARCH LIBRARY,pdf,,unhandled
OUTSIDE RESEARCH LIBRARY/CONTEMPORARY RESEARCH/2608.30169v1.pdf,f7a5fb1ad6c6833c1854d24c4f14b1a98431f77e51e19c2e27fd8879b407d607,1331716,.pdf,OUTSIDE RESEARCH LIBRARY,pdf,,unhandled
OUTSIDE RESEARCH LIBRARY/CONTEMPORARY RESEARCH/2608.31039v1.pdf,90cc198fbe504e4e227396b8475294b7d9fccf17485f42d1a74ab3e8de46cf85,650994,.pdf,OUTSIDE RESEARCH LIBRARY,pdf,,unhandled
OUTSIDE RESEARCH LIBRARY/CONTEMPORARY RESEARCH/2609.00980v1.pdf,4bc06b52523bb7505d1d70e9eb20507656bd56455526434f9ef8859092249aa3,917404,.pdf,OUTSIDE RESEARCH LIBRARY,pdf,,unhandled
OUTSIDE RESEARCH LIBRARY/CONTEMPORARY RESEARCH/2609.01332v1.pdf,8865725468ed64332829c8a1e1219253b7ac0ffab78d7d136f2c0fe53570b06a,388197,.pdf,OUTSIDE RESEARCH LIBRARY,pdf,,unhandled
OUTSIDE RESEARCH LIBRARY/CONTEMPORARY RESEARCH/2609.01714v1.pdf,f89d2cf29d93840e218828464d0ea455ccf9f126ceb3e7baea399726be5ffbd5,458818,.pdf,OUTSIDE RESEARCH LIBRARY,pdf,,unhandled
OUTSIDE RESEARCH LIBRARY/CONTEMPORARY RESEARCH/2609.01720v1.pdf,9647e75e9f8c9c46c42b156151d5c7112e6720abd7b6b0b71eb8c9f2c61092ec,523717,.pdf,OUTSIDE RESEARCH LIBRARY,pdf,,unhandled
OUTSIDE RESEARCH LIBRARY/CONTEMPORARY RESEARCH/2609.02009v1.pdf,8c0e07898e5eaed8f5d3fa31bbe761d8284946e74c9695e1195df913d9a05f69,1924077,.pdf,OUTSIDE RESEARCH LIBRARY,pdf,,unhandled
OUTSIDE RESEARCH LIBRARY/CONTEMPORARY RESEARCH/2609.03001v1.pdf,a1fa3d81877b2cb1c49429ca22737d114ffb6eca95f319062c26407c39f77272,788954,.pdf,OUTSIDE RESEARCH LIBRARY,pdf,,unhandled
OUTSIDE RESEARCH LIBRARY/CONTEMPORARY RESEARCH/2609.03260v1.pdf,809e070bf8bdbfc4af1e2d1d4cf41f6ef27aee14df0d019e92e7886c2b1942f3,351116,.pdf,OUTSIDE RESEARCH LIBRARY,pdf,,unhandled
OUTSIDE RESEARCH LIBRARY/CONTEMPORARY RESEARCH/2609.03409v1.pdf,ab4d5c2f9418206d52c344ab25419bbde18c5bebbfa312edcae5c50ff0f144b9,566846,.pdf,OUTSIDE RESEARCH LIBRARY,pdf,,unhandled
OUTSIDE RESEARCH LIBRARY/CONTEMPORARY RESEARCH/2609.03983v1.pdf,b27970447163e24488bc2e15cb318e613a0d75f4baaec52e845f4301b7b0848d,248592,.pdf,OUTSIDE RESEARCH LIBRARY,pdf,,unhandled
OUTSIDE RESEARCH LIBRARY/CONTEMPORARY RESEARCH/2609.04053v1.pdf,7ca918db705b9c08a9e72d737409a79de644f75ded01f49a20c2811738bb9773,410195,.pdf,OUTSIDE RESEARCH LIBRARY,pdf,,unhandled
OUTSIDE RESEARCH LIBRARY/CONTEMPORARY RESEARCH/2609.04192v1.pdf,2dfa490f401a0548c5f68026458a5fb6019fdc87b7037798237aebf5d499b4d3,4648314,.pdf,OUTSIDE RESEARCH LIBRARY,pdf,,unhandled
OUTSIDE RESEARCH LIBRARY/CONTEMPORARY RESEARCH/2609.05164v1.pdf,b146aac5347e435b0ea911f3d191a5992e4507c4b0f7a51b6c1309e72292cb8a,504062,.pdf,OUTSIDE RESEARCH LIBRARY,pdf,,unhandled
OUTSIDE RESEARCH LIBRARY/SCIENCE NEWS/0512012v1.pdf,60aa04afd73906bd831556d6152e3603be5916c9c586eaf1c9df2bab45c667d7,733904,.pdf,OUTSIDE RESEARCH LIBRARY,pdf,,unhandled
OUTSIDE RESEARCH LIBRARY/SCIENCE NEWS/589s-s1yy.pdf,63c3435b2fd525afcf8672db37bdb8e2b0438550a57a3fb9aea4f53ce3208a4c,12431006,.pdf,OUTSIDE RESEARCH LIBRARY,pdf,,unhandled
OUTSIDE RESEARCH LIBRARY/SCIENCE NEWS/6dt2-sq44.pdf,5507eaede9f2237fd272598086971096f1557543474151213156ff5d0a25a77e,1193735,.pdf,OUTSIDE RESEARCH LIBRARY,pdf,,unhandled
OUTSIDE RESEARCH LIBRARY/SCIENCE NEWS/A new hypothesis could connect two of physics’ greatest mysteries_ dark energy and quantum gravity - Copy.pdf,90316b0cfebb35db92065020670ed6603b904c3d87d3dba5b6bc2b217d1919ac,1804814,.pdf,OUTSIDE RESEARCH LIBRARY,pdf,,unhandled
OUTSIDE RESEARCH LIBRARY/SCIENCE NEWS/A new hypothesis could connect two of physics’ greatest mysteries_ dark energy and quantum gravity.pdf,90316b0cfebb35db92065020670ed6603b904c3d87d3dba5b6bc2b217d1919ac,1804814,.pdf,OUTSIDE RESEARCH LIBRARY,pdf,,unhandled
OUTSIDE RESEARCH LIBRARY/SCIENCE NEWS/A simple discovery is shaking the foundations of spintronics _ ScienceDaily - Copy.pdf,5029c5a37bbbbd19b57d24f1228ff306a7ea6e632a8e60c2f7d13dff5fe93873,1846769,.pdf,OUTSIDE RESEARCH LIBRARY,pdf,,unhandled
OUTSIDE RESEARCH LIBRARY/SCIENCE NEWS/A simple discovery is shaking the foundations of spintronics _ ScienceDaily.pdf,5029c5a37bbbbd19b57d24f1228ff306a7ea6e632a8e60c2f7d13dff5fe93873,1846769,.pdf,OUTSIDE RESEARCH LIBRARY,pdf,,unhandled
OUTSIDE RESEARCH LIBRARY/SCIENCE NEWS/ALDEN CROSS — raw (2).json,fe72d1f83ab31afdcef36125f0a130d9f58e61cee2672fcc3288fd7d6e47af11,13613028,.json,OUTSIDE RESEARCH LIBRARY,json,generic_json,needs_adapter
OUTSIDE RESEARCH LIBRARY/SCIENCE NEWS/ANALYSIS - NEWS + THEORY.txt,23b4f2feeb20192662c43d839de47fb6226678e606101f7db6fb30892453da26,13005,.txt,OUTSIDE RESEARCH LIBRARY,text,,unhandled
OUTSIDE RESEARCH LIBRARY/SCIENCE NEWS/ARGUS H(s)H Archive Audit — raw.json,04bb5d2eacc937bed391f7fa7f20c513107f3b53bc9a63b81f426161ad336d38,282163,.json,OUTSIDE RESEARCH LIBRARY,json,generic_json,needs_adapter
OUTSIDE RESEARCH LIBRARY/SCIENCE NEWS/Caltech startup unveils physics AI that skips transformers_ No benchmark proof yet.pdf,8a2629b53fa64320be96d33246ee317d3e3bb315404a9b0189b670dabc6608ef,1112359,.pdf,OUTSIDE RESEARCH LIBRARY,pdf,,unhandled
OUTSIDE RESEARCH LIBRARY/SCIENCE NEWS/Can AI find physics beyond the standard model_.pdf,72f21ed12d5a937c95540dace2700bc5b190a6132cf89691bc9a4b2d79440193,4006830,.pdf,OUTSIDE RESEARCH LIBRARY,pdf,,unhandled
OUTSIDE RESEARCH LIBRARY/SCIENCE NEWS/Chemical physicists quantitatively model electron interactions in real quantum materials.pdf,c67b1ea2074323cacb208fb9e9ec58225631741765fa3c02129676b1bc07f2d4,403955,.pdf,OUTSIDE RESEARCH LIBRARY,pdf,,unhandled
OUTSIDE RESEARCH LIBRARY/SCIENCE NEWS/In-orbit test of the weak equivalence principle with atom interferometry _ Science Advances.pdf,5c77accbb898d3eb196f4e56c171c7a62f0e841adb6fafe73545f8b7005ad4a1,7154984,.pdf,OUTSIDE RESEARCH LIBRARY,pdf,,unhandled
OUTSIDE RESEARCH LIBRARY/SCIENCE NEWS/Jaiumungle + Janna Levin.txt,1661c24e4e073f95e37616b230f33dce2e0a38d39dc7307a9305b15e07ed7ff3,137097,.txt,OUTSIDE RESEARCH LIBRARY,text,,unhandled
OUTSIDE RESEARCH LIBRARY/SCIENCE NEWS/Long-predicted gravitational effect seen in a quantum object for the very first time – Einstein’s theory passes another crucial test.pdf,207e00a4518cb4ef5b8011edae00ddb2fc4b37eb7d5c460c60939275ddf7b3ea,1384921,.pdf,OUTSIDE RESEARCH LIBRARY,pdf,,unhandled
OUTSIDE RESEARCH LIBRARY/SCIENCE NEWS/NEWS - APOD 2016 February 11 - LIGO Detects Gravitational Waves from Merging Black Holes.pdf,fe09a8fdb3ebb91ea435850a6f5cacfac1e69159e111ed777833604869d4f40e,1093379,.pdf,OUTSIDE RESEARCH LIBRARY,pdf,,unhandled
OUTSIDE RESEARCH LIBRARY/SCIENCE NEWS/NEWS - BROADER SCIENCE.txt,23b4f2feeb20192662c43d839de47fb6226678e606101f7db6fb30892453da26,13005,.txt,OUTSIDE RESEARCH LIBRARY,text,,unhandled
OUTSIDE RESEARCH LIBRARY/SCIENCE NEWS/NEWS - GWTC4-Events-Poster-Landscape.jpeg,9d5b0999c3ee829cb2beccd52cbac8cca1c6ff3f57c9b47033106c319c7bfc4a,2977565,.jpeg,OUTSIDE RESEARCH LIBRARY,image,,unhandled
OUTSIDE RESEARCH LIBRARY/SCIENCE NEWS/NEWS - Grand Unification Theories And Supersymmetry  Physics  Research Starters  EBS.pdf,158d07522cd6dfa1cd648bf3b9e55b551ae6977c97ad46966e5b54dda59eaeec,212049,.pdf,OUTSIDE RESEARCH LIBRARY,pdf,,unhandled
OUTSIDE RESEARCH LIBRARY/SCIENCE NEWS/NEWS - LATE MAY NEWS.txt,cca18c1904fc4dd5df3c1e54e206c865c0f130d188a39d29393e86d363b6314f,193354,.txt,OUTSIDE RESEARCH LIBRARY,text,,unhandled
OUTSIDE RESEARCH LIBRARY/SCIENCE NEWS/NEWS - October News - Polish Gangs Hunt PUAs after Tom Torero Killer Strikes Again - Th.pdf,5ee2b55933bbc1da081386a76cb2d0e415276ddce50a5d7b43d831122607f2c8,7825811,.pdf,OUTSIDE RESEARCH LIBRARY,pdf,,unhandled
OUTSIDE RESEARCH LIBRARY/SCIENCE NEWS/NEWS - Taking dark energy out of the equation Mathematicians challenge the standard cosmological model of the universe.pdf,de5ac4dc666eaee37e6191de0a6ecf64021192d9cac85f25cc561a0f12ad7557,188943,.pdf,OUTSIDE RESEARCH LIBRARY,pdf,,unhandled
OUTSIDE RESEARCH LIBRARY/SCIENCE NEWS/NEWS - Ten windows on the future of particle physics – CERN Courier.pdf,984a23f3cf547585a154e9e80303f1e4c49143a9883651148e806c2fbe1f0410,1532190,.pdf,OUTSIDE RESEARCH LIBRARY,pdf,,unhandled
OUTSIDE RESEARCH LIBRARY/SCIENCE NEWS/NEWS NAV-STOKE.txt,24c2a42bf425949d721c4d917f5f42c2e2024d50d87752faa74220ce23d78e03,22869,.txt,OUTSIDE RESEARCH LIBRARY,text,,unhandled
OUTSIDE RESEARCH LIBRARY/SCIENCE NEWS/NEWS16SEP.txt,7e1ab5b1aa3b3a293f3c613d0d03f3f3f4443973c52b571b8dad23e804740659,560549,.txt,OUTSIDE RESEARCH LIBRARY,text,,unhandled
OUTSIDE RESEARCH LIBRARY/SCIENCE NEWS/NEWS16SEP2.txt,01497349e0a06d4437e6fba9a01bbda6ad231b0c537f340f51debde77bb42b14,74184,.txt,OUTSIDE RESEARCH LIBRARY,text,,unhandled
OUTSIDE RESEARCH LIBRARY/SCIENCE NEWS/NEWS19SEP26.txt,0fc6be7c1ffa2ec2321e8c793dbde64401154e03fd688a0efd601714575a1464,636771,.txt,OUTSIDE RESEARCH LIBRARY,text,,unhandled
OUTSIDE RESEARCH LIBRARY/SCIENCE NEWS/Oak Ridge solves why thermal cycling degrades quantum magnets_ Spin physics at fault - Copy.pdf,778cffa3a62d2c01965ac5598ab27f1f291945833328ec14bb13db96e6a11382,2197799,.pdf,OUTSIDE RESEARCH LIBRARY,pdf,,unhandled
OUTSIDE RESEARCH LIBRARY/SCIENCE NEWS/Oak Ridge solves why thermal cycling degrades quantum magnets_ Spin physics at fault.pdf,778cffa3a62d2c01965ac5598ab27f1f291945833328ec14bb13db96e6a11382,2197799,.pdf,OUTSIDE RESEARCH LIBRARY,pdf,,unhandled
OUTSIDE RESEARCH LIBRARY/SCIENCE NEWS/RECENT JAIMUNGLE INTERVIEWS.txt,1bd46045584e2a3728f54fbfac3a47894e895b2f2c15569bfb306375b84207e4,659477,.txt,OUTSIDE RESEARCH LIBRARY,text,,unhandled
OUTSIDE RESEARCH LIBRARY/SCIENCE NEWS/RECENT NEWS.txt,b95d8e44ede04c3eab5fabc9865cf49323929ec90d5d6ca389613633d4e122c8,235963,.txt,OUTSIDE RESEARCH LIBRARY,text,,unhandled
OUTSIDE RESEARCH LIBRARY/SCIENCE NEWS/Review and Set Up Alden Cross — raw.json,75cfb75a18d1f4380a6cbba9383580caa3542c4d965629b9b2f0d44933209bdb,898528,.json,OUTSIDE RESEARCH LIBRARY,json,generic_json,needs_adapter
OUTSIDE RESEARCH LIBRARY/SCIENCE NEWS/SCINEWS2.txt,9480affff560582aa302e7e79987f3b5bf24bfc1d27cde5dd066a68eb91b0337,194150,.txt,OUTSIDE RESEARCH LIBRARY,text,,unhandled
OUTSIDE RESEARCH LIBRARY/SCIENCE NEWS/SCINEWS4.txt,43cb82bffd0ae8e1a23d8463fc026a34a62391baf54c10f81fe64fdf7831ff0c,39702,.txt,OUTSIDE RESEARCH LIBRARY,text,,unhandled
OUTSIDE RESEARCH LIBRARY/SCIENCE NEWS/SCINEWS5.txt,70d58cb6eaf1345f6894bdbc5c7feeecfb550c9b56846ad3960ff0a6e0c1a812,11655,.txt,OUTSIDE RESEARCH LIBRARY,text,,unhandled
OUTSIDE RESEARCH LIBRARY/SCIENCE NEWS/SSCINEWS5.txt,fc71f56792920bf07412463f015be46bfbad32b2e00f13dbf5b135dc973a9d80,10622,.txt,OUTSIDE RESEARCH LIBRARY,text,,unhandled
OUTSIDE RESEARCH LIBRARY/SCIENCE NEWS/Science says some spiders can launch into the sky using silk and electricity to fly and the physics is wild.pdf,e961207a3a4a69f482ca7e536cfe785fa7fe2456395913bf89b5a4cf728ffaf7,1101043,.pdf,OUTSIDE RESEARCH LIBRARY,pdf,,unhandled
OUTSIDE RESEARCH LIBRARY/SCIENCE NEWS/Scientists just overturned a century-old physics assumption _ ScienceDaily - Copy.pdf,172ffcc104920c72a640bf4a10820c1e764ddc04aceef9cf326cb2c2d1fd8af0,5368654,.pdf,OUTSIDE RESEARCH LIBRARY,pdf,,unhandled
OUTSIDE RESEARCH LIBRARY/SCIENCE NEWS/Scientists just overturned a century-old physics assumption _ ScienceDaily.pdf,172ffcc104920c72a640bf4a10820c1e764ddc04aceef9cf326cb2c2d1fd8af0,5368654,.pdf,OUTSIDE RESEARCH LIBRARY,pdf,,unhandled
OUTSIDE RESEARCH LIBRARY/SCIENCE NEWS/Scientists observe Einstein's gravity in the quantum world.pdf,924650a1dde01eaef70e532fb193336a7ed44102c62911f20fd761ea4981b7a1,1298617,.pdf,OUTSIDE RESEARCH LIBRARY,pdf,,unhandled
OUTSIDE RESEARCH LIBRARY/SCIENCE NEWS/The physics of brain development_ How cells pull together to form the neural tube.pdf,2043f035c13dfe5bc6b2ebc1f20cf4524f2f97ea23f0d1eadfffb25db2e55146,144799,.pdf,OUTSIDE RESEARCH LIBRARY,pdf,,unhandled
OUTSIDE RESEARCH LIBRARY/SCIENCE NEWS/acs.jchemed.6c00141.pdf,85b97aaeb60e9d6963fb3ad00f0b8e1359c0c9ac8474a0cf8efb0dfd369d4838,4719077,.pdf,OUTSIDE RESEARCH LIBRARY,pdf,,unhandled
OUTSIDE RESEARCH LIBRARY/SCIENCE NEWS/k41k-2pnc.pdf,325df60a77e33a80b5652f3870c46002c675f270f37904c219b0bd000cb711a6,1654459,.pdf,OUTSIDE RESEARCH LIBRARY,pdf,,unhandled
OUTSIDE RESEARCH LIBRARY/SCIENCE NEWS/rspa.2025.0413.pdf,6a5a3b169283f62efb63821a625aaa1219229a8ac5155c2493047121b1095a0c,1088076,.pdf,OUTSIDE RESEARCH LIBRARY,pdf,,unhandled
OUTSIDE RESEARCH LIBRARY/SCIENCE NEWS/scinews3.txt,08e0e9841fe7053fb053ec82cc2e1362b6661a92cc88936811fb628cb4398ccf,1022079,.txt,OUTSIDE RESEARCH LIBRARY,text,,unhandled
OUTSIDE RESEARCH LIBRARY/SCIENCE NEWS/w1sd-v69d.pdf,f9139507c03a4a58d03a5f43d82a02d8db1bd64b21fb4eaebd648121be8422cd,764891,.pdf,OUTSIDE RESEARCH LIBRARY,pdf,,unhandled
OUTSIDE RESEARCH LIBRARY/SCIENCE NEWS/“Really bizarre” quantum discovery defies the rules of physics _ ScienceDaily.pdf,eaf138645f611a8bb1a48b90e54fc3626cfe36f71e9425e1927bef32de4faf1f,1584190,.pdf,OUTSIDE RESEARCH LIBRARY,pdf,,unhandled
OUTSIDE RESEARCH LIBRARY/SCIENCE NEWS/🧮 Friday Research Briefs — raw.json,9d86d9ec67aa6e9e98c60eaacf2af4ddfa76a91805ee736e7de04d628f5a393b,2274172,.json,OUTSIDE RESEARCH LIBRARY,json,generic_json,needs_adapter
OUTSIDE RESEARCH LIBRARY/SCIENCE NEWS/🧮 H(s)H Archive Audit Thread — raw.json,848588acc4d1a5afe781cc7068276ac64376d982deff4408af01182a01d99b6a,4700989,.json,OUTSIDE RESEARCH LIBRARY,json,generic_json,needs_adapter
OUTSIDE RESEARCH LIBRARY/SCIENCE NEWS/🧮 H(s)H Archive Audit — raw.json,f9bfb16862da3c2f7ed3e2f3251247f6c52b868a26625faafa2e7f6cd9b124ff,5074617,.json,OUTSIDE RESEARCH LIBRARY,json,generic_json,needs_adapter
