record_id	scientific_item	earliest_public_date	other_dates	chronology_band	source_record	publication_or_outlet	doi_or_identifier	factual_note	status
EXT-0001	The Local Distance Network: a community consensus report on the measurement of the Hubble constant at ~1% precision	2026-04-10	ISSI workshop “What’s under the H0od?” held March 2025	post-public-SAT	OUTSIDE RESEARCH LIBRARY/SCIENCE NEWS/NEWS - LATE MAY NEWS.txt	Astronomy & Astrophysics / NOIRLab science release	10.1051/0004-6361/202557993	H0 Distance Network reports H0 = 73.50 ± 0.81 km/s/Mpc; NOIRLab release and paper date 10 Apr 2026.	direct source extraction
EXT-0002	Hints of Nonminimally Coupled Gravity in DESI 2024 Baryon Acoustic Oscillation Measurements	2025-05-08		post-public-SAT	OUTSIDE RESEARCH LIBRARY/SCIENCE NEWS/NEWS - LATE MAY NEWS.txt	Physical Review Letters 134, 181002	10.1103/PhysRevLett.134.181002	PRL page in source states Published 8 May 2025; authors Gen Ye, Matteo Martinelli, Bin Hu, Alessandra Silvestri.	direct source extraction
EXT-0003	Model-agnostic assessment of dark energy after DESI DR1 BAO	2025-01-29	Received 2024-07-30; Accepted 2025-01-07	pre-public-SAT; after possible-back-door boundary if CH01 resolves to 2024-03-22 or 2024-05-22	OUTSIDE RESEARCH LIBRARY/SCIENCE NEWS/NEWS - LATE MAY NEWS.txt	Journal of Cosmology and Astroparticle Physics 2025(01)120	10.1088/1475-7516/2025/01/120	JCAP page in source states Received 30 Jul 2024, Accepted 7 Jan 2025, Published 29 Jan 2025.	direct source extraction; earliest preprint/public date not yet checked
EXT-0004	Constraints on redshift-binned dark energy using DESI BAO data	2025-06-04		post-public-SAT	OUTSIDE RESEARCH LIBRARY/SCIENCE NEWS/NEWS - LATE MAY NEWS.txt	Physical Review D 111, 123504	10.1103/PhysRevD.111.123504	PRD page in source states Published 4 Jun 2025; authors Ye-Huang Pang, Xue Zhang, Qing-Guo Huang.	direct source extraction
EXT-0005	Investigating late-time dark energy and massive neutrinos in light of DESI Y1 BAO	2025-02-12		post-public-SAT	OUTSIDE RESEARCH LIBRARY/SCIENCE NEWS/NEWS - LATE MAY NEWS.txt	Journal of Cosmology and Astroparticle Physics 2025(02)024	10.1088/1475-7516/2025/02/024	JCAP page in source states Published 12 Feb 2025; authors João Rebouças, Diogo H.F. de Souza, Kunhao Zhong, Vivian Miranda, Rogerio Rosenfeld.	direct source extraction
EXT-0006	Expansion-history preferences of DESI DR2 and external data	2025-07-15		post-public-SAT	OUTSIDE RESEARCH LIBRARY/SCIENCE NEWS/NEWS - LATE MAY NEWS.txt	Physical Review D 112, 023528	10.1103/zypq-s6nl	PRD page in source states Published 15 Jul 2025; authors Prakhar Bansal and Dragan Huterer.	direct source extraction
EXT-0007	Do observations prefer thawing quintessence?	2025-06-20		post-public-SAT	OUTSIDE RESEARCH LIBRARY/SCIENCE NEWS/NEWS - LATE MAY NEWS.txt	Physical Review D 111, 123541	10.1103/bggr-61nr	PRD page in source states Published 20 Jun 2025; authors Guillaume Payeur, Evan McDonough, Robert Brandenberger.	direct source extraction
EXT-0008	Probing Bethe strings in an attractive one-dimensional Bose gas / preprint title: Observing Bethe strings in an attractive Bose gas far from equilibrium	2025-05-15	arXiv v1 2025-05-15 17:56:49 UTC; v2 2025-06-20; journal received 2025-08-31; accepted 2026-07-17; published 2026-08-29	post-public-SAT	OUTSIDE RESEARCH LIBRARY/SCIENCE NEWS/NEWS16SEP.txt; arXiv:2505.10550; Nature Communications	Nature Communications (2026)	10.1038/s41467-026-76018-0; arXiv:2505.10550	NEWS16SEP contains the later Phys.org/Nature Communications item. arXiv records first public v1 on 15 May 2025; journal page records publication 29 Aug 2026.	direct source + authoritative publication chronology
EXT-0009	Cosmological Constant from Quantum Gravitational θ Vacua and the Gravitational Hall Effect	2026-04-17		post-public-SAT	OUTSIDE RESEARCH LIBRARY/SCIENCE NEWS/NEWS16SEP.txt	Physical Review Letters 136(15), 151501	10.1103/rzz5-p4f4	NEWS16SEP contains the Brown/Phys.org article and DOI; PubMed/PRL metadata give publication date 17 Apr 2026; authors Stephon Alexander, Heliudson Bernardo, Aaron Hui.	direct source + authoritative publication-date verification
EXT-0010	Long-lived giant circular Rydberg atoms at room temperature	2026-09-15	Received 2026-04-01; Accepted 2026-09-03; Version of record 2026-09-15	post-public-SAT	OUTSIDE RESEARCH LIBRARY/SCIENCE NEWS/NEWS16SEP2.txt	Nature Communications 17, 9834	10.1038/s41467-026-77764-x	Nature page records publication 15 Sep 2026; source story reports >10 ms lifetime, n up to 103, and hundred-millisecond-scale optical-tweezer trapping.	direct source + authoritative publication-date verification
EXT-0011	Measurement of Charged-Particle Production in Proton-Oxygen Collisions as a Probe of Cosmic-Ray Air Showers with the ATLAS Detector	2026-09-14	Received 2026-04-08; Revised 2026-06-26; Accepted 2026-08-12	post-public-SAT	NEWS16SEP corpus / authoritative APS record	Physical Review Letters 137, 121901	10.1103/f3nk-5lt9	APS records publication 14 Sep 2026; ATLAS proton-oxygen measurement relevant to cosmic-ray air-shower modeling.	authoritative publication-date verification
EXT-0012	Observation of gravity-like signatures in holographic codes on a quantum computer	2026-07-13	arXiv submission 2026-07-13 18:03:31 UTC	post-public-SAT	NEWS16SEP corpus / arXiv	arXiv preprint	arXiv:2607.12047	Authors include Debopriyo Biswas et al.; arXiv records first public submission on 13 Jul 2026.	authoritative preprint-date verification
EXT-0013	Generation and Enhancement of Persistent Nanoscale Magnetization in All-Dielectric Metasurfaces by Optically Injected and Localized Free Carriers	2026-08-03		post-public-SAT	NEWS16SEP corpus / Wiley	Advanced Science	10.1002/advs.76635	Wiley records first publication 3 Aug 2026; authors Shivaksh Rawat, Samyobrata Mukherjee, Gennady Shvets.	authoritative publication-date verification
EXT-0014	Machine-Learned Renormalization-Group-Improved Gauge Actions and Classically Perfect Gradient Flows	2026-01-21	Received 2025-05-12; Accepted 2025-12-18; issue date 2026-01-23	post-public-SAT	OUTSIDE RESEARCH LIBRARY/SCIENCE NEWS/k41k-2pnc.pdf / APS	Physical Review Letters 136, 031901	10.1103/k41k-2pnc	APS records publication 21 Jan 2026; authors Kieran Holland, Andreas Ipp, David I. Müller, Urs Wenger.	direct corpus file + authoritative publication-date verification
EXT-0015	Little Red Dots as Globular Clusters in Formation	2026-06-10		post-public-SAT	NEWS16SEP corpus / journal metadata	The Astrophysical Journal Letters 1004(1), L4	10.3847/2041-8213/ae6dae	Institutional publication metadata records publication 10 Jun 2026; authors John Chisholm et al.	publication-date verified; earliest preprint date still to check
