"DateTime","Additions","Deletions"
"2025-10-26",2146577,-196
"2025-11-02",0,0
"2025-11-09",0,0
"2025-11-16",0,0
"2025-11-23",0,0
"2025-11-30",0,0
"2025-12-07",0,0
"2025-12-14",0,0
"2025-12-21",0,0
"2025-12-28",0,0
"2026-01-04",0,0
"2026-01-11",15771,-1
"2026-01-18",0,0
"2026-01-25",0,0
"2026-02-01",0,0
"2026-02-08",0,0
"2026-02-15",0,0
"2026-02-22",0,0
"2026-03-01",0,0
"2026-03-08",0,0
"2026-03-15",0,0
"2026-03-22",0,0
"2026-03-29",0,0
"2026-04-05",0,0
"2026-04-12",0,0
"2026-04-19",0,0
"2026-04-26",0,0
"2026-05-03",0,0
"2026-05-10",0,0
"2026-05-17",0,0
"2026-05-24",19190,-127
"2026-05-31",1452244,-15486
"2026-06-07",46127,-714992
"2026-06-14",44049,-319
"2026-06-21",82576,-65
"2026-06-28",33008,-7073
"2026-07-05",63202,-36
"2026-07-12",82410,-53588
"2026-07-19",0,0
"2026-07-26",0,0
"2026-08-02",0,0
"2026-08-09",0,0
"2026-08-16",0,0
"2026-08-23",54406,-79058
"2026-08-30",5388019,-85773
"2026-09-06",2825718,-61417
"2026-09-13",127505,-145
"2026-09-20",8435,-39