Episode title,Total impressions,Home,Search,Library,Other Spotify Features,Publish date,Episode URI
Dzhanibekov Planets,40,4,3,33,0,8/21/2026,spotify:episode:2pDryp2AjxSpxn2UoAKwTv
Topological Primacy,35,2,23,10,0,6/9/2026,spotify:episode:0MOWqGlDGiqbVbQLJ8HRHg
Dual-Shell λ Expansion,33,1,1,31,0,7/17/2026,spotify:episode:3n3f5ekeopGK3JzisNck1C
Anarcheologist,31,1,9,21,0,6/16/2026,spotify:episode:6AENd3ASzSfLCV2jdto8HM
"(++++) or (+++,+++)?",28,8,2,18,0,7/14/2026,spotify:episode:0CDSWjFc21MjzagHneffqw
Viscous? Or Superfluid?,28,0,5,23,0,7/17/2026,spotify:episode:3mZJzFZ6gdKNpwszb0dXWt
Chemical-Optical Lab Bench,27,12,5,10,0,6/24/2026,spotify:episode:3kIYLrPuJmjuVmY2ZeDcC8
Finger Trap World,27,0,4,23,0,7/18/2026,spotify:episode:2tfRlPRnD9hQieJYJ2ODov
Black Hole Merger,24,1,3,20,0,7/18/2026,spotify:episode:5qfV00upwpfXkBAfkE8RsH
Particles & Inverse Black Holes,24,0,2,22,0,7/18/2026,spotify:episode:5KKp0VnrVBqRWPOhMX7Cx8