Date,Plays & downloads,Audience
2/2/2025,0,0
2/3/2025,3,1
2/4/2025,3,1
2/5/2025,3,1
2/6/2025,3,1
2/7/2025,3,1
2/8/2025,3,1
2/9/2025,3,1
2/10/2025,3,1
2/11/2025,3,1
2/12/2025,3,1
2/13/2025,3,1
2/14/2025,3,1
2/15/2025,3,1
2/16/2025,3,1
2/17/2025,3,1
2/18/2025,3,1
2/19/2025,3,1
2/20/2025,3,1
2/21/2025,3,1
2/22/2025,3,1
2/23/2025,3,1
2/24/2025,3,1
2/25/2025,3,1
2/26/2025,3,1
2/27/2025,3,1
2/28/2025,3,1
3/1/2025,4,2
3/2/2025,4,2
3/3/2025,4,2
3/4/2025,4,2
3/5/2025,4,2
3/6/2025,4,2
3/7/2025,4,2
3/8/2025,4,2
3/9/2025,4,2
3/10/2025,4,2
3/11/2025,4,2
3/12/2025,4,2
3/13/2025,4,2
3/14/2025,4,2
3/15/2025,4,2
3/16/2025,4,2
3/17/2025,4,2
3/18/2025,4,2
3/19/2025,4,2
3/20/2025,4,2
3/21/2025,4,2
3/22/2025,4,2
3/23/2025,4,2
3/24/2025,4,2
3/25/2025,4,2
3/26/2025,4,2
3/27/2025,4,2
3/28/2025,4,2
3/29/2025,4,2
3/30/2025,4,2
3/31/2025,4,2
4/1/2025,4,2
4/2/2025,4,2
4/3/2025,4,2
4/4/2025,4,2
4/5/2025,4,2
4/6/2025,4,2
4/7/2025,4,2
4/8/2025,4,2
4/9/2025,4,2
4/10/2025,4,2
4/11/2025,4,2
4/12/2025,4,2
4/13/2025,4,2
4/14/2025,4,2
4/15/2025,4,2
4/16/2025,4,2
4/17/2025,4,2
4/18/2025,4,2
4/19/2025,4,2
4/20/2025,4,2
4/21/2025,4,2
4/22/2025,4,2
4/23/2025,4,2
4/24/2025,4,2
4/25/2025,4,2
4/26/2025,4,2
4/27/2025,4,2
4/28/2025,4,2
4/29/2025,4,2
4/30/2025,4,2
5/1/2025,4,2
5/2/2025,4,2
5/3/2025,4,2
5/4/2025,4,2
5/5/2025,4,2
5/6/2025,4,2
5/7/2025,4,2
5/8/2025,4,2
5/9/2025,5,3
5/10/2025,5,3
5/11/2025,5,3
5/12/2025,5,3
5/13/2025,5,3
5/14/2025,5,3
5/15/2025,5,3
5/16/2025,5,3
5/17/2025,5,3
5/18/2025,5,3
5/19/2025,5,3
5/20/2025,5,3
5/21/2025,5,3
5/22/2025,5,3
5/23/2025,5,3
5/24/2025,5,3
5/25/2025,5,3
5/26/2025,5,3
5/27/2025,5,3
5/28/2025,5,3
5/29/2025,5,3
5/30/2025,5,3
5/31/2025,5,3
6/1/2025,5,3
6/2/2025,6,4
6/3/2025,6,4
6/4/2025,6,4
6/5/2025,6,4
6/6/2025,6,4
6/7/2025,6,4
6/8/2025,6,4
6/9/2025,6,4
6/10/2025,6,4
6/11/2025,6,4
6/12/2025,6,4
6/13/2025,6,4
6/14/2025,6,4
6/15/2025,6,4
6/16/2025,6,4
6/17/2025,6,4
6/18/2025,6,4
6/19/2025,6,4
6/20/2025,6,4
6/21/2025,6,4
6/22/2025,6,4
6/23/2025,6,4
6/24/2025,6,4
6/25/2025,6,4
6/26/2025,6,4
6/27/2025,6,4
6/28/2025,6,4
6/29/2025,6,4
6/30/2025,6,4
7/1/2025,6,4
7/2/2025,6,4
7/3/2025,6,4
7/4/2025,6,4
7/5/2025,6,4
7/6/2025,6,4
7/7/2025,6,4
7/8/2025,6,4
7/9/2025,6,4
7/10/2025,6,4
7/11/2025,6,4
7/12/2025,6,4
7/13/2025,6,4
7/14/2025,6,4
7/15/2025,6,4
7/16/2025,6,4
7/17/2025,6,4
7/18/2025,6,4
7/19/2025,6,4
7/20/2025,6,4
7/21/2025,6,4
7/22/2025,6,4
7/23/2025,6,4
7/24/2025,6,4
7/25/2025,6,4
7/26/2025,6,4
7/27/2025,6,4
7/28/2025,6,4
7/29/2025,6,4
7/30/2025,6,4
7/31/2025,6,4
8/1/2025,6,4
8/2/2025,6,4
8/3/2025,6,4
8/4/2025,6,4
8/5/2025,6,4
8/6/2025,6,4
8/7/2025,6,4
8/8/2025,6,4
8/9/2025,6,4
8/10/2025,6,4
8/11/2025,6,4
8/12/2025,6,4
8/13/2025,6,4
8/14/2025,6,4
8/15/2025,6,4
8/16/2025,6,4
8/17/2025,6,4
8/18/2025,6,4
8/19/2025,6,4
8/20/2025,6,4
8/21/2025,6,4
8/22/2025,6,4
8/23/2025,6,4
8/24/2025,6,4
8/25/2025,8,5
8/26/2025,8,5
8/27/2025,8,5
8/28/2025,8,5
8/29/2025,8,5
8/30/2025,8,5
8/31/2025,8,5
9/1/2025,8,5
9/2/2025,8,5
9/3/2025,8,5
9/4/2025,8,5
9/5/2025,8,5
9/6/2025,8,5
9/7/2025,8,5
9/8/2025,8,5
9/9/2025,8,5
9/10/2025,8,5
9/11/2025,8,5
9/12/2025,8,5
9/13/2025,8,5
9/14/2025,8,5
9/15/2025,8,5
9/16/2025,8,5
9/17/2025,8,5
9/18/2025,8,5
9/19/2025,8,5
9/20/2025,8,5
9/21/2025,8,5
9/22/2025,8,5
9/23/2025,8,5
9/24/2025,8,5
9/25/2025,8,5
9/26/2025,8,5
9/27/2025,8,5
9/28/2025,8,5
9/29/2025,8,5
9/30/2025,8,5
10/1/2025,8,5
10/2/2025,8,5
10/3/2025,8,5
10/4/2025,8,5
10/5/2025,8,5
10/6/2025,8,5
10/7/2025,8,5
10/8/2025,8,5
10/9/2025,8,5
10/10/2025,8,5
10/11/2025,8,5
10/12/2025,8,5
10/13/2025,8,5
10/14/2025,8,5
10/15/2025,8,5
10/16/2025,8,5
10/17/2025,8,5
10/18/2025,8,5
10/19/2025,8,5
10/20/2025,8,5
10/21/2025,8,5
10/22/2025,8,5
10/23/2025,9,6
10/24/2025,9,6
10/25/2025,13,7
10/26/2025,13,7
10/27/2025,14,8
10/28/2025,15,9
10/29/2025,15,9
10/30/2025,15,9
10/31/2025,15,9
11/1/2025,15,9
11/2/2025,15,9
11/3/2025,15,9
11/4/2025,15,9
11/5/2025,15,9
11/6/2025,15,9
11/7/2025,15,9
11/8/2025,15,9
11/9/2025,15,9
11/10/2025,15,9
11/11/2025,15,9
11/12/2025,15,9
11/13/2025,15,9
11/14/2025,15,9
11/15/2025,15,9
11/16/2025,15,9
11/17/2025,15,9
11/18/2025,15,9
11/19/2025,15,9
11/20/2025,15,9
11/21/2025,15,9
11/22/2025,15,9
11/23/2025,15,9
11/24/2025,15,9
11/25/2025,15,9
11/26/2025,15,9
11/27/2025,15,9
11/28/2025,15,9
11/29/2025,15,9
11/30/2025,15,9
12/1/2025,15,9
12/2/2025,15,9
12/3/2025,15,9
12/4/2025,15,9
12/5/2025,15,9
12/6/2025,15,9
12/7/2025,15,9
12/8/2025,15,9
12/9/2025,15,9
12/10/2025,15,9
12/11/2025,15,9
12/12/2025,15,9
12/13/2025,15,9
12/14/2025,15,9
12/15/2025,15,9
12/16/2025,15,9
12/17/2025,15,9
12/18/2025,15,9
12/19/2025,15,9
12/20/2025,15,9
12/21/2025,15,9
12/22/2025,15,9
12/23/2025,15,9
12/24/2025,15,9
12/25/2025,16,10
12/26/2025,16,10
12/27/2025,16,10
12/28/2025,16,10
12/29/2025,16,10
12/30/2025,18,11
12/31/2025,18,11
1/1/2026,18,11
1/2/2026,18,11
1/3/2026,18,11
1/4/2026,18,11
1/5/2026,18,11
1/6/2026,18,11
1/7/2026,18,11
1/8/2026,18,11
1/9/2026,18,11
1/10/2026,18,11
1/11/2026,18,11
1/12/2026,18,11
1/13/2026,18,11
1/14/2026,18,11
1/15/2026,18,11
1/16/2026,18,11
1/17/2026,18,11
1/18/2026,18,11
1/19/2026,18,11
1/20/2026,18,11
1/21/2026,18,11
1/22/2026,18,11
1/23/2026,18,11
1/24/2026,18,11
1/25/2026,18,11
1/26/2026,18,11
1/27/2026,18,11
1/28/2026,18,11
1/29/2026,18,11
1/30/2026,18,11
1/31/2026,18,11
2/1/2026,18,11
2/2/2026,18,11
2/3/2026,18,11
2/4/2026,18,11
2/5/2026,18,11
2/6/2026,18,11
2/7/2026,18,11
2/8/2026,18,11
2/9/2026,18,11
2/10/2026,18,11
2/11/2026,18,11
2/12/2026,18,11
2/13/2026,18,11
2/14/2026,18,11
2/15/2026,18,11
2/16/2026,18,11
2/17/2026,18,11
2/18/2026,18,11
2/19/2026,18,11
2/20/2026,18,11
2/21/2026,18,11
2/22/2026,18,11
2/23/2026,18,11
2/24/2026,18,11
2/25/2026,18,11
2/26/2026,18,11
2/27/2026,18,11
2/28/2026,18,11
3/1/2026,18,11
3/2/2026,18,11
3/3/2026,18,11
3/4/2026,18,11
3/5/2026,18,11
3/6/2026,18,11
3/7/2026,18,11
3/8/2026,18,11
3/9/2026,18,11
3/10/2026,18,11
3/11/2026,18,11
3/12/2026,18,11
3/13/2026,18,11
3/14/2026,18,11
3/15/2026,18,11
3/16/2026,18,11
3/17/2026,18,11
3/18/2026,18,11
3/19/2026,18,11
3/20/2026,18,11
3/21/2026,18,11
3/22/2026,18,11
3/23/2026,18,11
3/24/2026,20,12
3/25/2026,20,12
3/26/2026,20,12
3/27/2026,20,12
3/28/2026,20,12
3/29/2026,20,12
3/30/2026,20,12
3/31/2026,21,13
4/1/2026,21,13
4/2/2026,21,13
4/3/2026,21,13
4/4/2026,21,13
4/5/2026,21,13
4/6/2026,22,14
4/7/2026,23,15
4/8/2026,23,15
4/9/2026,23,15
4/10/2026,23,15
4/11/2026,23,15
4/12/2026,23,15
4/13/2026,23,15
4/14/2026,23,15
4/15/2026,23,15
4/16/2026,23,15
4/17/2026,23,15
4/18/2026,23,15
4/19/2026,23,15
4/20/2026,23,15
4/21/2026,23,15
4/22/2026,23,15
4/23/2026,23,15
4/24/2026,23,15
4/25/2026,23,15
4/26/2026,23,15
4/27/2026,23,15
4/28/2026,23,15
4/29/2026,23,15
4/30/2026,23,15
5/1/2026,23,15
5/2/2026,23,15
5/3/2026,23,15
5/4/2026,23,15
5/5/2026,23,15
5/6/2026,23,15
5/7/2026,23,15
5/8/2026,23,15
5/9/2026,23,15
5/10/2026,23,15
5/11/2026,23,15
5/12/2026,23,15
5/13/2026,23,15
5/14/2026,23,15
5/15/2026,23,15
5/16/2026,23,15
5/17/2026,23,15
5/18/2026,23,15
5/19/2026,23,15
5/20/2026,23,15
5/21/2026,23,15
5/22/2026,23,15
5/23/2026,23,15
5/24/2026,23,15
5/25/2026,23,15
5/26/2026,23,15
5/27/2026,23,15
5/28/2026,23,15
5/29/2026,23,15
5/30/2026,23,15
5/31/2026,23,15
6/1/2026,23,15
6/2/2026,23,15
6/3/2026,23,15
6/4/2026,23,15
6/5/2026,23,15
6/6/2026,23,15
6/7/2026,23,15
6/8/2026,23,15
6/9/2026,23,15
6/10/2026,23,15
6/11/2026,23,15
6/12/2026,23,15
6/13/2026,23,15
6/14/2026,23,15
6/15/2026,23,15
6/16/2026,23,15
6/17/2026,23,15
6/18/2026,23,15
6/19/2026,23,15
6/20/2026,23,15
6/21/2026,23,15
6/22/2026,23,15
6/23/2026,23,15
6/24/2026,23,15
6/25/2026,23,15
6/26/2026,23,15
6/27/2026,23,15
6/28/2026,23,15
6/29/2026,23,15
6/30/2026,23,15
7/1/2026,23,15
7/2/2026,23,15
7/3/2026,23,15
7/4/2026,23,15
7/5/2026,23,15
7/6/2026,23,15
7/7/2026,23,15
7/8/2026,23,15
7/9/2026,23,15
7/10/2026,23,15
7/11/2026,23,15
7/12/2026,23,15
7/13/2026,23,15
7/14/2026,23,15
7/15/2026,23,15
7/16/2026,23,15
7/17/2026,23,15
7/18/2026,23,15
7/19/2026,23,15
7/20/2026,23,15
7/21/2026,23,15
7/22/2026,23,15
7/23/2026,23,15
7/24/2026,23,15
7/25/2026,23,15
7/26/2026,23,15
7/27/2026,23,15
7/28/2026,23,15
7/29/2026,23,15
7/30/2026,23,15
7/31/2026,23,15
8/1/2026,23,15
8/2/2026,23,15
8/3/2026,23,15
8/4/2026,23,15
8/5/2026,23,15
8/6/2026,23,15
8/7/2026,23,15
8/8/2026,23,15
8/9/2026,23,15
8/10/2026,23,15
8/11/2026,23,15
8/12/2026,23,15
8/13/2026,23,15
8/14/2026,23,15
8/15/2026,23,15
8/16/2026,23,15
8/17/2026,23,15
8/18/2026,23,15
8/19/2026,23,15
8/20/2026,23,15
8/21/2026,23,15
8/22/2026,23,15
8/23/2026,23,15
8/24/2026,23,15
8/25/2026,23,15
8/26/2026,23,15
8/27/2026,23,15
8/28/2026,23,15
8/29/2026,23,15
8/30/2026,23,15
8/31/2026,23,15
9/1/2026,23,15
9/2/2026,23,15
9/3/2026,23,15
9/4/2026,23,15
9/5/2026,23,15
9/6/2026,23,15
9/7/2026,23,15
9/8/2026,23,15