Date,Impressions
6/9/2026,27
6/10/2026,74
6/11/2026,18
6/12/2026,17
6/13/2026,37
6/14/2026,59
6/15/2026,35
6/16/2026,131
6/17/2026,36
6/18/2026,16
6/19/2026,18
6/20/2026,16
6/21/2026,9
6/22/2026,15
6/23/2026,4
6/24/2026,50
6/25/2026,6
6/26/2026,22
6/27/2026,27
6/28/2026,14
6/29/2026,11
6/30/2026,26
7/1/2026,22
7/2/2026,12
7/3/2026,8
7/4/2026,3
7/5/2026,11
7/6/2026,2
7/7/2026,4
7/8/2026,3
7/9/2026,3
7/10/2026,5
7/11/2026,1
7/12/2026,4
7/13/2026,32
7/14/2026,43
7/15/2026,7
7/16/2026,8
7/17/2026,20
7/18/2026,94
7/19/2026,59
7/20/2026,21
7/21/2026,8
7/22/2026,20
7/23/2026,5
7/24/2026,2
7/25/2026,7
7/26/2026,7
7/27/2026,6
7/28/2026,7
7/29/2026,13
7/30/2026,1
7/31/2026,6
8/1/2026,2
8/2/2026,10
8/3/2026,14
8/4/2026,8
8/5/2026,5
8/6/2026,8
8/7/2026,5
8/8/2026,2
8/9/2026,2
8/10/2026,5
8/11/2026,0
8/12/2026,1
8/13/2026,37
8/14/2026,17
8/15/2026,2
8/16/2026,8
8/17/2026,14
8/18/2026,7
8/19/2026,16
8/20/2026,4
8/21/2026,9
8/22/2026,12
8/23/2026,21
8/24/2026,5
8/25/2026,2
8/26/2026,9
8/27/2026,3
8/28/2026,0
8/29/2026,3
8/30/2026,5
8/31/2026,6
9/1/2026,5
9/2/2026,0
9/3/2026,4
9/4/2026,5
9/5/2026,7
9/6/2026,29