Episode title,Consumption time (hours),Publish date,Episode URI
AI for Science & Wierdness,4.09,9/10/2025,spotify:episode:6jyysVjHum6WAs4YGwxLii
4D Time and Thought,3.97,6/25/2025,spotify:episode:3QwLLZPCa4VHVEs3987e29
Are Photons… Neutrinos?,3.1,3/20/2026,spotify:episode:26OH2SKVxq2CPbtLjMmxrd
Light Cones and Bell’s Theorem,3.05,3/23/2026,spotify:episode:4THhTcRYGfqmqqn5PyM8On
The First Open Source Theory of Everything,2.97,3/4/2026,spotify:episode:6N9xCAeacy27UKjOJ9d7J3
ABOUT THIS PODCAST,2.95,7/2/2025,spotify:episode:08nGPfyFLFLVgqsSLnSSEh
Kissing Points & Lissajouss’,2.91,3/2/2026,spotify:episode:5SubU6XiaoiWrFSlx5lyza
String Gravity Predictions H0=71.2,2.89,5/18/2026,spotify:episode:5bZeyA0LRt31KyANpIU1yS
SAT Mark I Unification,2.78,6/18/2025,spotify:episode:5IdAHtzoDRwH9WdKeZpHC6
The Epistemology of Direct Knowledge,2.73,5/8/2025,spotify:episode:1cUikDYe5hXjp3g4F2hrMe