Geo,Percentage
United States,94.17334304442826
Netherlands,0.9468317552804079
Finland,0.8011653313911145
Denmark,0.5098324836125273
India,0.3641660597232338
Singapore,0.29133284777858703
Canada,0.29133284777858703
Hungary,0.21849963583394028
United Kingdom,0.21849963583394028
Mexico,0.21849963583394028
Poland,0.21849963583394028
Sweden,0.14566642388929352
Ecuador,0.14566642388929352
Greece,0.14566642388929352
Italy,0.14566642388929352
Spain,0.14566642388929352
Austria,0.14566642388929352
Australia,0.14566642388929352
Germany,0.07283321194464676
Hong Kong,0.07283321194464676
Portugal,0.07283321194464676
Japan,0.07283321194464676
Brazil,0.07283321194464676
Estonia,0.07283321194464676
Israel,0.07283321194464676
Czechia,0.07283321194464676
Tunisia,0.07283321194464676
Turkey,0.07283321194464676