"DateTime","Commits"
"2025-09-27",0
"2025-10-04",0
"2025-10-11",0
"2025-10-18",0
"2025-10-25",0
"2025-11-01",0
"2025-11-09",0
"2025-11-16",0
"2025-11-23",1
"2025-11-30",0
"2025-12-07",0
"2025-12-14",21
"2025-12-21",2
"2025-12-28",1
"2026-01-04",2
"2026-01-11",1
"2026-01-18",2
"2026-01-25",14
"2026-02-01",20
"2026-02-08",3
"2026-02-15",1
"2026-02-22",0
"2026-03-01",9
"2026-03-08",3
"2026-03-15",3
"2026-03-22",4
"2026-03-29",0
"2026-04-05",3
"2026-04-12",3
"2026-04-19",6
"2026-04-26",5
"2026-05-03",3
"2026-05-10",1
"2026-05-17",2
"2026-05-24",1
"2026-05-31",0
"2026-06-07",0
"2026-06-14",1
"2026-06-21",2
"2026-06-28",0
"2026-07-05",0
"2026-07-12",0
"2026-07-19",0
"2026-07-26",0
"2026-08-02",0
"2026-08-09",0
"2026-08-16",0
"2026-08-23",0
"2026-08-30",0
"2026-09-06",0
"2026-09-13",0
"2026-09-20",0