inventory_id,repository_path,author_or_group,provisional_identity,coarse_tags,bibliographic_status,triage_priority,notes
HINV-0001,"HISTORICAL/19TH C INVENTIONS.txt",various,"19th-century inventions compilation","history of science; technology; 19th century",UNNORMALIZED,LOW,"Physical source; relevance to SAT/H(s)H not established"
HINV-0002,"HISTORICAL/ABBOTT — FLATLAND.txt","Edwin A. Abbott","Flatland: A Romance of Many Dimensions","dimensional analogy; lower-dimensional perception; higher space",NORMALIZED,HIGH,"Cross historical report cites as major cultural dimensional antecedent"
HINV-0003,"HISTORICAL/ALFRED NORTH WHITEHEAD — SCIENCE + MOD WORLD.txt","Alfred North Whitehead","Science and the Modern World","history of science; relativity; geometry; philosophy of science",PARTIAL,MEDIUM,"Named in Cross evidence base; edition metadata pending"
HINV-0004,"HISTORICAL/BABBAGE—CALCULATING ENGINE.txt","Charles Babbage","calculating engine work","computation; machinery; history of science",UNNORMALIZED,LOW,"Not presently a Grurple priority"
HINV-0005,"HISTORICAL/BABBAGE—DECLINE OF SCIENCE.txt","Charles Babbage","Reflections on the Decline of Science in England","scientific institutions; history of science",UNNORMALIZED,LOW,"Not presently a Grurple priority"
HINV-0006,"HISTORICAL/BABBAGE—ECON OF MACH.txt","Charles Babbage","On the Economy of Machinery and Manufactures","machinery; industrial systems; computation",UNNORMALIZED,LOW,"Not presently a Grurple priority"
HINV-0007,"HISTORICAL/BABBAGE—INDUSTRY+SCIENCE.txt","Charles Babbage / compilation","industry and science material","history of science; industry; technology",UNNORMALIZED,LOW,"Not presently a Grurple priority"
HINV-0008,"HISTORICAL/BEN FRANKLIN—EXPERIENCES ET OBS.txt","Benjamin Franklin","Experiments and Observations on Electricity / related edition","electricity; experimental science; history of physics",UNNORMALIZED,LOW,"Potential background only"
HINV-0009,"HISTORICAL/BOHR — QUANT SPECT 1+2.pdf","Niels Bohr","On the Quantum Theory of Line-Spectra","early quantum theory; spectra; atomic theory",PARTIAL,MEDIUM,"One of only three HISTORICAL records exposed by current human-source catalog"
HINV-0010,"HISTORICAL/BOHR — SPECTRA.pdf","Niels Bohr","The Theory of Spectra and Atomic Constitution","early quantum theory; spectra; atomic constitution",PARTIAL,MEDIUM,"One of only three HISTORICAL records exposed by current human-source catalog"
HINV-0011,"HISTORICAL/DE VINCI — THOUGHTS.txt","Leonardo da Vinci / compilation","thoughts/notebooks compilation","observation; mechanics; scientific method",UNNORMALIZED,LOW,"Not presently a Grurple priority"
HINV-0012,"HISTORICAL/ENCYCLOPEDIA BRITANNICAL 11th Ed.txt","various","Encyclopaedia Britannica 11th edition material","reference; history of science; period terminology",UNNORMALIZED,LOW,"Useful only for period-language checks"
HINV-0013,"HISTORICAL/HALF HOURS w SCIENTISTS.txt",various,"Half Hours with Scientists","history of science; scientific biography; popular science",UNNORMALIZED,LOW,"Not presently a Grurple priority"
HINV-0014,"HISTORICAL/HARROW — NEWTON TO EINSTEIN.txt","Benjamin Harrow","From Newton to Einstein / related title","relativity; physics history; Newton; Einstein",PARTIAL,MEDIUM,"Potential lineage/background source"
HINV-0015,"HISTORICAL/HILBERT — FOUND GEO.pdf","David Hilbert","The Foundations of Geometry","axiomatic geometry; foundations; geometry",PARTIAL,MEDIUM,"Recognized by human-source catalog; exact edition/translation pending"
HINV-0016,"HISTORICAL/HINTON — 4TH DIM NEW ERA.txt","Charles Howard Hinton","A New Era of Thought","higher space; dimensional method; section/slice; filamentary structure",NORMALIZED,TOP,"Cross report identifies Hinton as strongest historical prior-art family"
HINV-0017,"HISTORICAL/HINTON — 4TH DIMENSION.txt","Charles Howard Hinton","The Fourth Dimension","higher-dimensional slice; moving film; spiral; filament; apparent atoms/motion",NORMALIZED,TOP,"Direct text inspected; contains close slice/filament construction"
HINV-0018,"HISTORICAL/HINTON — SCI ROMANC 4TH DIM.txt","Charles Howard Hinton","Scientific Romances / fourth-dimension material","higher space; dimensional analogy; fourth dimension",PARTIAL,HIGH,"Exact edition/title/date pending"
HINV-0019,"HISTORICAL/IVES—AIRPLANE PHOTOGRAPHY.txt","Ives (metadata pending)","airplane photography work","optics; photography; technology history",UNNORMALIZED,LOW,"Not presently a Grurple priority"
HINV-0020,"HISTORICAL/Intro to Nat Sci.txt",unresolved,"Introduction to Natural Science / related work","natural science; history; textbook",UNNORMALIZED,LOW,"Identity pending"
HINV-0021,"HISTORICAL/JACOBY—ASTRONOMER TALKS.txt","Jacoby (metadata pending)","astronomer talks / astronomy text","astronomy; history of science",UNNORMALIZED,LOW,"Not presently a Grurple priority"
HINV-0022,"HISTORICAL/LYELL—PRINCP GEOLOGY.txt","Charles Lyell","Principles of Geology","geology; uniformitarianism; scientific method",PARTIAL,LOW,"Historical-science background, not current geometry priority"
HINV-0023,"HISTORICAL/NEBULAE w CROSSLEY REFLECTOR.txt",unresolved,"Nebulae with the Crossley Reflector / related observational work","astronomy; nebulae; observational science",UNNORMALIZED,LOW,"Not presently a Grurple priority"
HINV-0024,"HISTORICAL/R HUNT—POETRY OF SCIENCE.txt","Robert Hunt","The Poetry of Science / related edition","history of science; natural philosophy; popular science",UNNORMALIZED,LOW,"Not presently a Grurple priority"
HINV-0025,"HISTORICAL/SCIENCE CLASSICS.txt",various,"science classics compilation","history of science; primary-source anthology",UNNORMALIZED,LOW,"Wayfinding source"
HINV-0026,"HISTORICAL/SMITH — 4TH DIMENSIONAL APPLIC.txt","W. Whately Smith","A Theory of the Mechanism of Survival: The Fourth Dimension and Its Applications","thread; film; higher-dimensional intersection; apparent atoms; intertwined structures; dimensional hierarchy",NORMALIZED,TOP,"Direct text inspected; strong close historical parallel; source itself cites Hinton and earlier higher-space lineage"
HINV-0027,"HISTORICAL/WILLIAMS — 4D EXPOSITION.txt","Williams (metadata pending)","4D exposition","fourth dimension; higher-space exposition",UNRESOLVED,HIGH,"Named in Cross evidence base; normalize identity/date before citation"
