source_id,title_or_locator,author_or_role,source_date,commit_or_upload_date,repository_or_file,path_or_uuid,provenance_grade,topical_tags,earliest_status,current_status,notes
INT-0001,"DIMENSIONAL GRAVITY archived conversation",Nathan Bellomy,2024-03-22,,SAT_THEORY_ARCHIVE_2023-25,"exact path pending; Cross report note 22",ARCHIVED_CONVERSATION,"higher-dimensional slice; moving plane; line/helix; dimensional promotion; particle intersection; braided cord; braiding rules","EARLIEST_INTERNAL_SEED for March-2024 reconstruction",historical,"Cross report treats this as independently developed pre-exposure SAT source; normalize exact archive path/UUID next"
INT-0002,"What Is Thought Made Of? [Filament Unification Intro]",Nathan Bellomy,2025-02-02,,HSH_RESOURCES,"EXPOSURE_STATS/PODCAST_EPs/; exact transcript path to normalize",PUBLIC_DISCLOSURE,"filament; timesheet; particle intersection; braided bundles; 4D geometry","EARLIEST_PUBLIC_DISCLOSURE currently cited for filament/timesheet package",historical,"Cross report note 23"
INT-0003,"SATv THE PARTICLE ZOO.txt",mixed/uncertain,UNKNOWN,2025-10-29,SAT_THEORY_ARCHIVE_2023-25,"2023-24 FRAMEWORK DEVELOPMENT/SATv THE PARTICLE ZOO.txt",SYNTHESIS_FORMALIZATION,"particle ontology; persistent filament; bosonic ripple; neutrino; photon; gluon; W/Z; composite braid",early-historical,uncertain,"Git history proves upload date only; folder label does not establish composition date"
INT-0004,"Scalar-Angular Theory Field Notes - Neutrino-Photon Identity, Quantum Tunneling, and Chondrules(..!)",public SAT synthesis,2026-01-15,,HSH_RESOURCES,"EXPOSURE_STATS/PODCAST_EPs/FULL_Scalar-Angular Theory_ Field Notes - Neutrino-Photon Identity, Quantum Tunneling, and Chondrules(..!).txt",PUBLIC_DISCLOSURE,"photon-neutrino identity; projection; single-coil excitation; boundary/intersection; tunneling; higher-dimensional traversal",EARLIEST_SECURE_PUBLIC for photon-neutrino projection identity,historical,"Published timestamp 2026-01-15 17:21; public synthesis is not automatically earliest internal source"
INT-0005,"Ontology and Math Check — raw.json user turn",Nathan Bellomy,2026-03-14,,Library/raw conversation,"UUID 0884e056-1434-4835-b978-77f0168d61b2",MIXED_AUTHORSHIP_SOURCE,"true boson; true fermion; neutrino excitation; propagation among filaments; elastic backsnap; timesheet; theta_4",dated-middle-rung,historical,"User turn is Nathan-direct as a submission, but contains pasted mixed-authorship notebook material; do not transfer every formal sentence to Nathan"
INT-0006,"Consciousness and AI Debate — raw.json taxonomy turn",Nathan Bellomy,2026-07-01,,Library/raw conversation,"UUID ef84a400-ad15-48cc-bb89-ad49b97b2e48",RAW_NATHAN_DIRECT,"persistent coil; traveling excitation; neutrino as SAT boson; t-boson; f-boson; Jarlskog Shadow; ghost-neutrino terminology",RAW_DIRECT category grammar,historical/current-boundary,"Recovered by provenance ledger 67; particle-to-substrate assignments remain a separate evidentiary question"
INT-0007,"Consciousness and AI Debate — raw.json propagation correction",Nathan Bellomy,2026-07-03,,Library/raw conversation,"UUID 73325db4-5821-4356-9cc9-6ca974d90338",RAW_NATHAN_DIRECT,"filament propagation; timesheet propagation; ontology correction",DIRECT_CORRECTION,historical/current-boundary,"Nathan: filaments do not propagate in his then-current understanding; timesheet does"
INT-0008,"Ravel H(s)H Syncmathcek — raw.json grammar turn",Nathan Bellomy,2026-09-07,,Library/raw conversation,"UUID 1896b541-a337-4638-b4f8-b1d53b549c6c",RAW_NATHAN_DIRECT,"vacuum filament; timesheet drag; induced deformation; traveling ripple; filament-to-filament transfer; boson; photon; neutrino; t/f split",RAW_DIRECT recent pre-exposure,current-near-current,"Explicitly says an induced deformation could travel as a ripple and move filament-to-filament"
INT-0009,"NESTED HOLONOMIES.txt proposal passage",likely Nathan conversational speaker,UNKNOWN,,Library,"NESTED HOLONOMIES.txt",STANDALONE_CONVERSATIONAL,"persistent coil; boson excitation; t-boson; f-boson; trapped timesheet soliton; ghost neutrino; scale recursion",LIKELY_DIRECT but raw metadata unresolved,uncertain,"Strong alternating speaker boundary; do not upgrade to RAW_NATHAN_DIRECT without original UUID/timestamp"
