source_id,authors,title,publication_or_venue,source_date,identifier_or_url,repository_path,source_class,topical_tags,relationship_candidate,exposure_or_access_date,bibliographic_status,notes
PA-HIST-0001,"Edwin A. Abbott","Flatland: A Romance of Many Dimensions","Seeley & Co., London",1884,,"HISTORICAL/ABBOTT — FLATLAND.txt",HISTORICAL_PRIMARY,"dimensional analogy; lower/higher dimensional perception; slicing pedagogy",BACKGROUND_LINEAGE,,NORMALIZED,"Cultural/pedagogical dimensional antecedent; not by itself the specific filament/slice mechanism"
PA-HIST-0002,"Charles Howard Hinton","A New Era of Thought","Swan Sonnenschein, Lowrey & Co., London",1888,,"HISTORICAL/HINTON — 4TH DIM NEW ERA.txt",HISTORICAL_PRIMARY,"higher space; dimensional method; section/slice; filamentary structure; apparent lower-dimensional bodies",SUBSTANTIVE_PRIOR_ART;INDEPENDENT_PARALLEL,,NORMALIZED,"Cross report identifies Hinton as strongest historical hit for SAT slice/filament construction; no evidence of influence on SAT before recent search"
PA-HIST-0003,"Charles Howard Hinton","The Fourth Dimension","Swan Sonnenschein & Co., London",1904,,"HISTORICAL/HINTON — 4TH DIMENSION.txt",HISTORICAL_PRIMARY,"higher-dimensional slice; moving section; helix/spiral; apparent motion; filament",SUBSTANTIVE_PRIOR_ART;INDEPENDENT_PARALLEL,,NORMALIZED,"High-priority recognition source for March-2024 SAT construction"
PA-HIST-0004,"Charles Howard Hinton","Scientific Romances / fourth-dimension material","metadata pending",UNKNOWN,,"HISTORICAL/HINTON — SCI ROMANC 4TH DIM.txt",HISTORICAL_PRIMARY,"higher space; fourth dimension; dimensional analogy",BACKGROUND_LINEAGE,,PARTIAL,"Physical source present; exact edition/title/date to normalize later"
PA-HIST-0005,"W. Whately Smith (Whately Carington)","A Theory of the Mechanism of Survival: The Fourth Dimension and Its Applications","Kegan Paul, Trench, Trubner & Co., London; E. P. Dutton & Co., New York",1920,,"HISTORICAL/SMITH — 4TH DIMENSIONAL APPLIC.txt",HISTORICAL_PRIMARY,"thread-like higher-dimensional structures; lower-dimensional film; apparent atoms; twisted/intertwined threads; dimensional hierarchy",SUBSTANTIVE_PRIOR_ART;INDEPENDENT_PARALLEL,,NORMALIZED,"Cross report treats as structurally relevant and explicitly lineage-aware"
PA-HIST-0006,"Alfred North Whitehead","Science and the Modern World","metadata pending",UNKNOWN,,"HISTORICAL/ALFRED NORTH WHITEHEAD — SCIENCE + MOD WORLD.txt",HISTORICAL_PRIMARY,"history of science; geometry; relativity; conceptual lineage",BACKGROUND_LINEAGE,,PARTIAL,"Named in Cross evidence base; exact edition/date to normalize before citation"
PA-HIST-0007,"David Hilbert","The Foundations of Geometry","edition/translation metadata pending",UNKNOWN,,"HISTORICAL/HILBERT — FOUND GEO.pdf",HISTORICAL_PRIMARY,"axiomatic geometry; foundations; geometry formalization",BACKGROUND_LINEAGE,,PARTIAL,"Current human-source catalog recognizes this PDF but metadata remains provisional"
PA-HIST-0008,"Niels Bohr","On the Quantum Theory of Line-Spectra, Part II","Project Gutenberg source/edition pending",UNKNOWN,,"HISTORICAL/BOHR — QUANT SPECT 1+2.pdf",HISTORICAL_PRIMARY,"early quantum theory; spectra; atomic structure",BACKGROUND_LINEAGE,,PARTIAL,"Human-source index record is provisional"
PA-HIST-0009,"Niels Bohr","The Theory of Spectra and Atomic Constitution","Project Gutenberg source/edition pending",UNKNOWN,,"HISTORICAL/BOHR — SPECTRA.pdf",HISTORICAL_PRIMARY,"early quantum theory; spectra; atomic constitution",BACKGROUND_LINEAGE,,PARTIAL,"Human-source index record is provisional"
PA-HIST-0010,"Williams (author metadata pending)","4D Exposition","metadata pending",UNKNOWN,,"HISTORICAL/WILLIAMS — 4D EXPOSITION.txt",HISTORICAL_PRIMARY,"fourth dimension; higher-space exposition",BACKGROUND_LINEAGE,,UNRESOLVED,"Cross report names Williams in historical evidence base; full citation pending"
PA-HIST-0011,"various","Physical HISTORICAL corpus tail","HSH_RESOURCES physical directory",UNKNOWN,,"HISTORICAL/",HISTORICAL_CORPUS,"history of science; higher space; geometry; relativity; quantum history; scientific method",UNCLEAR,,WAYFINDING,"Physical directory contains 27 substantive files plus gitignore, while current human-source catalog exposes only 3 records; requires later bulk characterization rather than record-count inference"
PA-GEO-0001,"Felix Klein","A Comparative Review of Recent Researches in Geometry","Bulletin of the New York Mathematical Society 2 (1892–93): 215–249; original Erlangen Program 1872",1872/1892-93,,"external/original publication; see Cross report",HISTORICAL_PROFESSIONAL,"Erlangen program; Klein geometry; symmetry groups; homogeneous spaces",ANTECEDENT;BACKGROUND_LINEAGE,,NORMALIZED,"Professional geometric spine; not a claim of influence on SAT"
PA-GEO-0002,"Élie Cartan","Sur une généralisation de la notion de courbure de Riemann et les espaces à torsion","Comptes Rendus de l'Académie des Sciences 174: 593–595",1922,,"external/original publication; see Cross report",HISTORICAL_PROFESSIONAL,"Cartan geometry; curvature; torsion; affine connection",ANTECEDENT;BACKGROUND_LINEAGE,,NORMALIZED,"Deep prior art for curvature/torsion geometry generally"
PA-GEO-0003,"Élie Cartan","Sur les variétés à connexion affine et la théorie de la relativité généralisée (première partie)","Annales scientifiques de l'École Normale Supérieure, 3rd ser., 40: 325–412",1923,,"external/original publication; see Cross report",HISTORICAL_PROFESSIONAL,"affine connection; relativity; Cartan geometry; torsion",ANTECEDENT;BACKGROUND_LINEAGE,,NORMALIZED,"Professional lineage source"
PA-NLAB-0001,"nLab contributors","Erlangen program","nLab",ACCESS_2026-09-14,"https://ncatlab.org/nlab/show/Erlangen+program",,"NLAB_MAP","Klein geometry; G/H; symmetry; geometry classification",BACKGROUND_LINEAGE,2026-09-14,NORMALIZED,"Use as lineage map; original Klein source preferred for historical priority"
PA-NLAB-0002,"nLab contributors","Lorentzian geometry","nLab",ACCESS_2026-09-14,"https://ncatlab.org/nlab/show/Lorentzian+geometry",,"NLAB_MAP","Minkowski spacetime; Lorentzian geometry; Poincare/Lorentz quotient; Cartan geometry; first-order gravity",BACKGROUND_LINEAGE,2026-09-14,NORMALIZED,"Cross report uses this for explicit Minkowski-to-Cartan continuity"
PA-NLAB-0003,"nLab contributors","Cauchy surface","nLab",ACCESS_2026-09-14,"https://ncatlab.org/nlab/show/Cauchy+surface",,"NLAB_MAP","spacelike hypersurface; foliation; global hyperbolicity; time slicing",PARTIAL_ANALOGUE,2026-09-14,NORMALIZED,"Timesheet is not to be identified silently with a Cauchy surface"
PA-NLAB-0004,"nLab contributors","braid group","nLab",ACCESS_2026-09-14,"https://ncatlab.org/nlab/show/braid+group",,"NLAB_MAP","braid group; configuration space; point motions; spacetime worldlines; isotopy",FORMALISM_FOR_COARSER_INTERNAL_STRUCTURE;INDEPENDENT_PARALLEL,2026-09-14,NORMALIZED,"Relevant as fine-grained topology/classification for multi-worldline systems"
PA-NLAB-0005,"nLab contributors","braid category","nLab",ACCESS_2026-09-14,"https://ncatlab.org/nlab/show/braid+category",,"NLAB_MAP","braid category; braided structures; categorical topology",FORMALISM_FOR_COARSER_INTERNAL_STRUCTURE,2026-09-14,NORMALIZED,"Do not claim SAT contains braid-category machinery unless internally documented"
PA-NLAB-0006,"nLab contributors","super Minkowski spacetime","nLab",ACCESS_2026-09-14,"https://ncatlab.org/nlab/show/super+Minkowski+spacetime",,"NLAB_MAP","super-Minkowski; super-Poincare; cocycles; branes",BACKGROUND_LINEAGE,2026-09-14,NORMALIZED,"Modern higher/super-geometric lineage"
PA-NLAB-0007,"nLab contributors","higher Cartan geometry","nLab",ACCESS_2026-09-14,"https://ncatlab.org/nlab/show/higher+Cartan+geometry",,"NLAB_MAP","higher Cartan geometry; higher groups; groupoids; stacks; supergravity; branes",BACKGROUND_LINEAGE;PARTIAL_ANALOGUE,2026-09-14,NORMALIZED,"Structural comparison only until exact mapping is established"
PA-NLAB-0008,"nLab contributors","string theory FAQ","nLab",ACCESS_2026-09-14,"https://ncatlab.org/nlab/show/string+theory+FAQ",,"NLAB_MAP","worldline; worldsheet; p-brane; dimensional promotion; perturbative string theory",BACKGROUND_LINEAGE;PARTIAL_ANALOGUE,2026-09-14,NORMALIZED,"Useful for worldline/worldsheet/brane ladder; not evidence SAT derived from string theory"
PA-NLAB-0009,"nLab contributors","brane bouquet","nLab",ACCESS_2026-09-14,"https://ncatlab.org/nlab/show/brane+bouquet",,"NLAB_MAP","brane bouquet; super L-infinity; brane scan; higher gauge; M-theory",BACKGROUND_LINEAGE;PARTIAL_ANALOGUE,2026-09-14,NORMALIZED,"Modern professional programme; quarantine applies"
PA-MOD-0001,"Domenico Fiorenza; Hisham Sati; Urs Schreiber","Super Lie n-Algebras, Higher WZW Models, and Super p-Branes","International Journal of Geometric Methods in Modern Physics 12: 1550018",2015,"10.1142/S0219887815500188",,"RESEARCH_PAPER","super Lie n-algebras; higher WZW; super p-branes; higher geometry",ANTECEDENT;PARALLEL_RESEARCH_PROGRAM,2026-09-14,NORMALIZED,"Primary publication preferred over nLab summary where directly relevant"
PA-MOD-0002,"Domenico Fiorenza; Hisham Sati; Urs Schreiber","Sphere-Valued Supercocycles in M-Theory and Type IIA String Theory","Journal of Geometry and Physics 114: 91–108",2017,"10.1016/j.geomphys.2016.11.006",,"RESEARCH_PAPER","supercocycles; sphere-valued cocycles; M-theory; Type IIA; branes",ANTECEDENT;PARALLEL_RESEARCH_PROGRAM,2026-09-14,NORMALIZED,"Modern higher-geometry programme"
PA-MOD-0003,"John Huerta; Urs Schreiber","M-Theory from the Superpoint","Letters in Mathematical Physics 108: 1699–1805",2018,"10.1007/s11005-018-1077-6",,"RESEARCH_PAPER","M-theory; superpoint; supergeometry; brane bouquet",ANTECEDENT;PARALLEL_RESEARCH_PROGRAM,2026-09-14,NORMALIZED,"Modern higher-geometry programme"
PA-HH-0001,"Urs Schreiber / nLab-Schreiber","Hypothesis H","nLab/Schreiber",ACCESS_2026-09-14,"https://ncatlab.org/schreiber/show/Hypothesis+H",,"RESEARCH_PROGRAM_MAP","Hypothesis H; J-twisted cohomotopy; C-field; M-theory; super-Cartan; higher gauge; brane bouquet",INDEPENDENT_PARALLEL;UNCLEAR,2026-09-14,NORMALIZED,"Structural relation to SAT/H(s)H explicitly unresolved; do not call compactification/reduction/projection without demonstration"
PA-HH-0002,"Hisham Sati; Urs Schreiber","Flux Quantization","Encyclopedia of Mathematical Physics, 2nd ed., vol. 4, 281–324, Academic Press",2025,"10.1016/B978-0-323-95703-8.00078-1",,"REVIEW/REFERENCE","flux quantization; cohomotopy; higher gauge; M-theory; generalized cohomology",PARALLEL_RESEARCH_PROGRAM,2026-09-14,NORMALIZED,"Reference work linked to Hypothesis-H lineage"
