concept_id,concept_or_motif,earliest_internal_source_ids,relevant_prior_art_source_ids,relationship,citation_implication,priority_caveat,status,notes
CMP-0001,"extended higher-dimensional curve/helix + moving lower-dimensional slice -> apparent point/particle trajectory","INT-0001","PA-HIST-0002;PA-HIST-0003;PA-HIST-0005",SUBSTANTIVE_PRIOR_ART;INDEPENDENT_PARALLEL,"Cite Hinton prominently in historical presentations; Smith as additional close antecedent; cite internal March-2024 reconstruction for independent chronology","No priority claim for generic slice/intersection construction; independence is a chronology claim, not novelty",ACTIVE_STRONG,"Direct Hinton text verified: successive intersections of spiral/filament structures with film generate apparent motion/atoms. Direct Smith text verified: threads crossing a soap film appear as atom-like circles and intertwined threads generate complex lower-dimensional change"
CMP-0002,"filament/thread language inside higher-dimensional slice ontology","INT-0001;INT-0002","PA-HIST-0002;PA-HIST-0003;PA-HIST-0005",TERMINOLOGY_OVERLAP;SUBSTANTIVE_PRIOR_ART;INDEPENDENT_PARALLEL,"Credit historical filament/thread usage when presenting terminology genealogy","Lexical overlap does not establish influence; pre-exposure SAT chronology must be stated separately",ACTIVE_STRONG,"Hinton explicitly says structures consisting of filaments; Smith explicitly uses thin threads intersecting a film"
CMP-0003,"braided/intertwined extended worldline or filament ensembles","INT-0001;INT-0002","PA-NLAB-0004;PA-NLAB-0005",FORMALISM_FOR_COARSER_INTERNAL_STRUCTURE;INDEPENDENT_PARALLEL,"Cite braid/configuration-space mathematics when SAT/H(s)H invokes braid topology beyond metaphor/coarse ensemble language","Do not claim SAT contains braid-group/category classification unless the internal source actually uses that machinery",ACTIVE,"Cross report identifies this boundary explicitly"
CMP-0004,"Minkowski/Poincare geometry -> Cartan/local geometry -> super/higher geometry lineage","INT-0001","PA-GEO-0001;PA-GEO-0002;PA-GEO-0003;PA-NLAB-0001;PA-NLAB-0002;PA-NLAB-0006;PA-NLAB-0007",BACKGROUND_LINEAGE;ANTECEDENT,"Use original Klein/Cartan sources for historical claims and nLab as a modern lineage map","No SAT priority for generic curvature/torsion, homogeneous-space, Lorentzian, Cartan, or super/higher-geometric structures",ACTIVE,"Important for specialist perception and vocabulary translation"
CMP-0005,"3D hypersurface slicing / foliation of 4D spacetime versus SAT timesheet","INT-0001;INT-0002","PA-NLAB-0003",PARTIAL_ANALOGUE;ANTECEDENT,"Cite standard Cauchy-surface/foliation literature where timesheet is compared to spacetime slicing","Timesheet must not be silently identified with a Cauchy surface; novelty, if any, lies in added resolving/dynamical structure",ACTIVE,"Correctness/equivalence adjudication belongs elsewhere unless a priority claim depends on it"
CMP-0006,"worldline -> worldsheet -> p-brane dimensional ladder","INT-0001","PA-NLAB-0008;PA-MOD-0001;PA-MOD-0002;PA-MOD-0003",BACKGROUND_LINEAGE;PARTIAL_ANALOGUE,"Cite mature worldline/worldsheet/brane lineage when discussing SAT's historical string-theory misunderstanding or later worldtube/worldsheet comparisons","Do not infer SAT derivation from string theory; internal chronology predates exposure to this specific comparison material",ACTIVE,"Historical clarification, not theory identity"
CMP-0007,"higher/super geometric brane and gauge programme; possible structural relation to H(s)H","pre-exposure H(s)H internal corpus; exact seed registry expansion pending","PA-NLAB-0006;PA-NLAB-0007;PA-NLAB-0009;PA-MOD-0001;PA-MOD-0002;PA-MOD-0003;PA-HH-0001;PA-HH-0002",INDEPENDENT_PARALLEL;UNCLEAR,"Mention as parallel independent professional work when genuinely relevant; prefer primary papers over nLab summaries for publication citations","Do not label relation compactification/reduction/projection/restriction/coarse-graining until technically demonstrated",ACTIVE_QUARANTINED,"Exposure boundary 2026-09-09; nLab/Hypothesis-H comparison remains sequestered"
CMP-0008,"SAT/H(s)H photon-neutrino one-excitation orientation/projection identity","INT-0004; later internal sources pending","external neutrino-theory-of-light literature registry pending",INDEPENDENT_PARALLEL;UNCLEAR,"Internal source chronology must lead; add historical neutrino-light literature as related prior art once primary citations normalized","Older composite/process neutrino theories should not be described as the same claim without a source-level comparison",CURSOR_OPEN,"Existing audit found January-15-2026 public SAT anchor; external primary bibliography still to normalize"
CMP-0009,"boson as transient/traveling excitation versus persistent fermionic coil","INT-0003;INT-0005;INT-0006;INT-0008","prior-art particle/excitation classification set pending",UNCLEAR,"Lead with earliest internal grammar; cite standard/external classifications only as contrast or antecedent where structurally relevant","Standard spin-statistics boson/fermion taxonomy is not equivalent to SAT ontic taxonomy",CURSOR_OPEN,"Avoid converting theory-typing issue into a provenance conclusion"
