kind,name,count,fraction
feature,rg_flow,17,0.012801
feature,coarse_graining,15,0.011295
feature,topological_defect,15,0.011295
feature,braid,9,0.006777
feature,filament_defect,9,0.006777
feature,collective_mode_boson,7,0.005271
feature,causal_geometry,5,0.003765
feature,geometric_phase,5,0.003765
feature,interferometry_phase,5,0.003765
feature,self_similarity,5,0.003765
feature,foliation,5,0.003765
feature,phase_locking,5,0.003765
feature,fiber_bundle,5,0.003765
feature,confinement,5,0.003765
feature,monodromy,4,0.003012
feature,bohr_sommerfeld,4,0.003012
feature,wormhole,4,0.003012
feature,vacuum_entanglement,3,0.002259
feature,discrete_symmetry,3,0.002259
feature,topological_soliton,3,0.002259
feature,holonomy,3,0.002259
feature,topological_selection,3,0.002259
feature,geodesic_deviation,3,0.002259
feature,geometric_mass,3,0.002259
feature,winding,3,0.002259
feature,contact_symplectic,3,0.002259
feature,frame_dragging,2,0.001506
feature,wilson_loop,2,0.001506
feature,clifford_spinor,2,0.001506
feature,projection,2,0.001506
feature,dark_projection,2,0.001506
feature,homotopy,2,0.001506
feature,superselection,2,0.001506
feature,chirality,2,0.001506
feature,framed_curve,2,0.001506
feature,worldline,2,0.001506
feature,boundary_modes,2,0.001506
feature,normal_bundle,2,0.001506
feature,brst_constraints,2,0.001506
feature,flux_tube,2,0.001506
feature,retrocausal_boundary,2,0.001506
feature,emergent_gravity,1,0.000753
feature,elastic_curve,1,0.000753
feature,projection_loss,1,0.000753
feature,section_bundle,1,0.000753
feature,extended_object,1,0.000753
feature,timelike_vector,1,0.000753
feature,hopf,1,0.000753
feature,higher_form_symmetry,1,0.000753
feature,flex_mode,1,0.000753
feature,misalignment_mass,1,0.000753
feature,nonpenetration,1,0.000753
feature,birefringence_phase,1,0.000753
feature,knot,1,0.000753
feature,compact_phase,1,0.000753
feature,torus_knot,1,0.000753
feature,observer_access,1,0.000753
feature,gauge_connection,1,0.000753
feature,entanglement_wedge,1,0.000753
feature,tubular_neighborhood,1,0.000753
feature,kink_phase_slip,1,0.000753
feature,parallel_transport,1,0.000753
