source_id,repository,repo_key,path,kind,extension,bytes,sha256,git_blob,duplicate_group,title_candidate,published_date_candidate,public_exposure_evidence,rigor_signal,insight_generation_requested,terminology_hazard_field,derived_text_path,cue_jsonl_path
resources:09dc305d056f2d41,Satobloc/HSH_RESOURCES,resources,EXPOSURE_STATS/DEBATING AI DATA/2Analytics - Debating A.I. On the Future of Physics _ Spotify for Creators.pdf,analytics,.pdf,147798,09dc305d056f2d4185e0155e72700350ead8554fded860381647d6ae1b98c2a5,e4aacf76095d6d470412049cf7da4a83ca9e51de,sha256:09dc305d056f2d4185e0155e72700350ead8554fded860381647d6ae1b98c2a5,2Analytics - Debating A.I. On the Future of Physics Spotify for Creators,,True,False,False,False,,
resources:7d0b2c5d6efa9eb5,Satobloc/HSH_RESOURCES,resources,EXPOSURE_STATS/DEBATING AI DATA/3Analytics - Debating A.I. On the Future of Physics _ Spotify for Creators.pdf,analytics,.pdf,147374,7d0b2c5d6efa9eb546efabbf35b751f4e13ebb50b1f7af10f0a1d61eeca7a297,4012034ac8efdef6fddf1a81ac304f90ca24b5fe,sha256:7d0b2c5d6efa9eb546efabbf35b751f4e13ebb50b1f7af10f0a1d61eeca7a297,3Analytics - Debating A.I. On the Future of Physics Spotify for Creators,,True,False,False,False,,
resources:6183df2d3eebf632,Satobloc/HSH_RESOURCES,resources,EXPOSURE_STATS/DEBATING AI DATA/4Analytics - Debating A.I. On the Future of Physics _ Spotify for Creators.pdf,analytics,.pdf,147092,6183df2d3eebf632c129de438c82da667e9be801560e3d7bb91db80d81cb8d6c,4a0ea2b411c5956bf8d3ae4b2221dbd871fc0621,sha256:6183df2d3eebf632c129de438c82da667e9be801560e3d7bb91db80d81cb8d6c,4Analytics - Debating A.I. On the Future of Physics Spotify for Creators,,True,False,False,False,,
resources:ef9c5ac76694cc5e,Satobloc/HSH_RESOURCES,resources,EXPOSURE_STATS/DEBATING AI DATA/5Analytics - Debating A.I. On the Future of Physics _ Spotify for Creators.pdf,analytics,.pdf,148149,ef9c5ac76694cc5eca8cf75d6af3a8d8b8dbe66b145443979317053a5c97ceb0,c439598b52d5538d3d0a19d8cc2d6ff2825e7c34,sha256:ef9c5ac76694cc5eca8cf75d6af3a8d8b8dbe66b145443979317053a5c97ceb0,5Analytics - Debating A.I. On the Future of Physics Spotify for Creators,,True,False,False,False,,
resources:6a635a668ea873d9,Satobloc/HSH_RESOURCES,resources,EXPOSURE_STATS/DEBATING AI DATA/6Analytics - Debating A.I. On the Future of Physics _ Spotify for Creators.pdf,analytics,.pdf,145202,6a635a668ea873d976af3f66860eb31bf057c5d8ae597ce8291cb882da8f2d00,342efa39d02c56749f290ce0d1c12850ad75e2b3,sha256:6a635a668ea873d976af3f66860eb31bf057c5d8ae597ce8291cb882da8f2d00,6Analytics - Debating A.I. On the Future of Physics Spotify for Creators,,True,False,False,False,,
resources:35306807dc7e2fc5,Satobloc/HSH_RESOURCES,resources,EXPOSURE_STATS/DEBATING AI DATA/7Analytics - Debating A.I. On the Future of Physics _ Spotify for Creators.pdf,analytics,.pdf,141392,35306807dc7e2fc5399c65932fc513e52a224805f9e0c90a53f62977fe307a9a,45290cd4cd273734c2133d04e5782b9346f0b8d1,sha256:35306807dc7e2fc5399c65932fc513e52a224805f9e0c90a53f62977fe307a9a,7Analytics - Debating A.I. On the Future of Physics Spotify for Creators,,True,False,False,False,,
resources:66736f8e59aa4d76,Satobloc/HSH_RESOURCES,resources,EXPOSURE_STATS/DEBATING AI DATA/8DebatingA.I.OntheFutureofPhysics_GeoLocationAllPlatforms_all-time.csv,analytics,.csv,432,66736f8e59aa4d763dbefcc93797bbf02b053204acaf5f2399496f77b9fb73e4,0d47115e02ff782afc790c5eede3266e3c3edc94,sha256:66736f8e59aa4d763dbefcc93797bbf02b053204acaf5f2399496f77b9fb73e4,8DebatingA.I.OntheFutureofPhysics GeoLocationAllPlatforms all-time,,True,False,False,False,,
resources:e4659b54ce7fe7a2,Satobloc/HSH_RESOURCES,resources,EXPOSURE_STATS/DEBATING AI DATA/Analytics - Debating A.I. On the Future of Physics _ Spotify for Creators.pdf,analytics,.pdf,177487,e4659b54ce7fe7a20e369183b69cf291e485bf72efc145215f2598031451ec61,a1e489e9fc9594ef514a52d9590c8b616b7cbe58,sha256:e4659b54ce7fe7a20e369183b69cf291e485bf72efc145215f2598031451ec61,Analytics - Debating A.I. On the Future of Physics Spotify for Creators,,True,False,False,False,,
resources:09a9d2e21c0360a8,Satobloc/HSH_RESOURCES,resources,EXPOSURE_STATS/DEBATING AI DATA/DebatingA.I.OntheFutureofPhysics_AgeByGender_all-time.csv,metadata_or_analytics,.csv,608,09a9d2e21c0360a8cbb06afd5e812a098b479600ddd585a0800be09ef5a390b0,b3666f636b2baf21de95eb2b54003563c5fbc52a,sha256:09a9d2e21c0360a8cbb06afd5e812a098b479600ddd585a0800be09ef5a390b0,OntheFutureofPhysics AgeByGender all-time,,True,False,False,False,,
resources:ce8a12a3cf27e051,Satobloc/HSH_RESOURCES,resources,EXPOSURE_STATS/DEBATING AI DATA/DebatingA.I.OntheFutureofPhysics_AudienceSegments_1-1-2025--6-15-2026.csv,analytics,.csv,4293,ce8a12a3cf27e0512ee84340b63d318f49ab07e1a11d2971ee315418dd95b806,a4c09324c7fc69ef2a862aa8c3d771bd267e63c0,sha256:ce8a12a3cf27e0512ee84340b63d318f49ab07e1a11d2971ee315418dd95b806,OntheFutureofPhysics AudienceSegments 1-1-2025--6-15-2026,,True,False,False,False,,
resources:f4d05006bf66385d,Satobloc/HSH_RESOURCES,resources,EXPOSURE_STATS/DEBATING AI DATA/DebatingA.I.OntheFutureofPhysics_DailyImpressions_3-17-2026--6-14-2026 (1).csv,metadata_or_analytics,.csv,1218,f4d05006bf66385da8af5a271e7571781a19dcccac6c32d45a47cb15f5390a38,b4f95d0204632e3aa7a250da6edec5f2222a7fdc,sha256:f4d05006bf66385da8af5a271e7571781a19dcccac6c32d45a47cb15f5390a38,OntheFutureofPhysics DailyImpressions 3-17-2026--6-14-2026 (1),,True,False,False,False,,
resources:f4d05006bf66385d,Satobloc/HSH_RESOURCES,resources,EXPOSURE_STATS/DEBATING AI DATA/DebatingA.I.OntheFutureofPhysics_DailyImpressions_3-17-2026--6-14-2026.csv,metadata_or_analytics,.csv,1218,f4d05006bf66385da8af5a271e7571781a19dcccac6c32d45a47cb15f5390a38,b4f95d0204632e3aa7a250da6edec5f2222a7fdc,sha256:f4d05006bf66385da8af5a271e7571781a19dcccac6c32d45a47cb15f5390a38,OntheFutureofPhysics DailyImpressions 3-17-2026--6-14-2026,,True,False,False,False,,
resources:514e24ff641ba0ed,Satobloc/HSH_RESOURCES,resources,EXPOSURE_STATS/DEBATING AI DATA/DebatingA.I.OntheFutureofPhysics_Engagement_all-time (1).csv,metadata_or_analytics,.csv,11191,514e24ff641ba0eda717b43317e21e8f3368efc7d8fded755e744b5b956fcc4c,fec94fa38dbcc8f45da856d43ea5ec37795c1a65,sha256:514e24ff641ba0eda717b43317e21e8f3368efc7d8fded755e744b5b956fcc4c,OntheFutureofPhysics Engagement all-time (1),,True,False,False,False,,
resources:514e24ff641ba0ed,Satobloc/HSH_RESOURCES,resources,EXPOSURE_STATS/DEBATING AI DATA/DebatingA.I.OntheFutureofPhysics_Engagement_all-time (2).csv,metadata_or_analytics,.csv,11191,514e24ff641ba0eda717b43317e21e8f3368efc7d8fded755e744b5b956fcc4c,fec94fa38dbcc8f45da856d43ea5ec37795c1a65,sha256:514e24ff641ba0eda717b43317e21e8f3368efc7d8fded755e744b5b956fcc4c,OntheFutureofPhysics Engagement all-time (2),,True,False,False,False,,
resources:514e24ff641ba0ed,Satobloc/HSH_RESOURCES,resources,EXPOSURE_STATS/DEBATING AI DATA/DebatingA.I.OntheFutureofPhysics_Engagement_all-time (3).csv,metadata_or_analytics,.csv,11191,514e24ff641ba0eda717b43317e21e8f3368efc7d8fded755e744b5b956fcc4c,fec94fa38dbcc8f45da856d43ea5ec37795c1a65,sha256:514e24ff641ba0eda717b43317e21e8f3368efc7d8fded755e744b5b956fcc4c,OntheFutureofPhysics Engagement all-time (3),,True,False,False,False,,
resources:514e24ff641ba0ed,Satobloc/HSH_RESOURCES,resources,EXPOSURE_STATS/DEBATING AI DATA/DebatingA.I.OntheFutureofPhysics_Engagement_all-time (4).csv,metadata_or_analytics,.csv,11191,514e24ff641ba0eda717b43317e21e8f3368efc7d8fded755e744b5b956fcc4c,fec94fa38dbcc8f45da856d43ea5ec37795c1a65,sha256:514e24ff641ba0eda717b43317e21e8f3368efc7d8fded755e744b5b956fcc4c,OntheFutureofPhysics Engagement all-time (4),,True,False,False,False,,
resources:514e24ff641ba0ed,Satobloc/HSH_RESOURCES,resources,EXPOSURE_STATS/DEBATING AI DATA/DebatingA.I.OntheFutureofPhysics_Engagement_all-time.csv,metadata_or_analytics,.csv,11191,514e24ff641ba0eda717b43317e21e8f3368efc7d8fded755e744b5b956fcc4c,fec94fa38dbcc8f45da856d43ea5ec37795c1a65,sha256:514e24ff641ba0eda717b43317e21e8f3368efc7d8fded755e744b5b956fcc4c,OntheFutureofPhysics Engagement all-time,,True,False,False,False,,
resources:113a41dbb5ae086d,Satobloc/HSH_RESOURCES,resources,EXPOSURE_STATS/DEBATING AI DATA/DebatingA.I.OntheFutureofPhysics_EpisodeCompletionRates.csv,metadata_or_analytics,.csv,797,113a41dbb5ae086da0436f530726278c592e4021fb730e00a0da0f0746b25643,d64a379b9a05093e55d62e00e96850f28e8c7d18,sha256:113a41dbb5ae086da0436f530726278c592e4021fb730e00a0da0f0746b25643,OntheFutureofPhysics EpisodeCompletionRates,,True,False,False,False,,
resources:92514011e974d2df,Satobloc/HSH_RESOURCES,resources,EXPOSURE_STATS/DEBATING AI DATA/DebatingA.I.OntheFutureofPhysics_Gender_all-time.csv,metadata_or_analytics,.csv,118,92514011e974d2dfff845f78961e23b905a39216ef0d3e73537fc0aa5cbc4ace,f442b6e795b8c2318cd0df724ebc0924712ae6b3,sha256:92514011e974d2dfff845f78961e23b905a39216ef0d3e73537fc0aa5cbc4ace,OntheFutureofPhysics Gender all-time,,True,False,False,False,,
resources:2b80b2428ec70125,Satobloc/HSH_RESOURCES,resources,EXPOSURE_STATS/DEBATING AI DATA/DebatingA.I.OntheFutureofPhysics_GeoLocationAllPlatforms_all-time (1).csv,analytics,.csv,348,2b80b2428ec701256374990886ee9fccac85de85b37afc5bbaec56df8d903129,50dc721394fecfe1eab387248f592f175dd27e7d,sha256:2b80b2428ec701256374990886ee9fccac85de85b37afc5bbaec56df8d903129,OntheFutureofPhysics GeoLocationAllPlatforms all-time (1),,True,False,False,False,,
resources:ffbdf650a8e6892a,Satobloc/HSH_RESOURCES,resources,EXPOSURE_STATS/DEBATING AI DATA/DebatingA.I.OntheFutureofPhysics_GeoLocationAllPlatforms_all-time.csv,analytics,.csv,865,ffbdf650a8e6892a082e2eccba86e2b359ace8381177d8604ec5187dafe59b4d,d8892d2f8616e3f04b69614882ca1bb47fa740c9,sha256:ffbdf650a8e6892a082e2eccba86e2b359ace8381177d8604ec5187dafe59b4d,OntheFutureofPhysics GeoLocationAllPlatforms all-time,,True,False,False,False,,
resources:0cc0fae313cfc077,Satobloc/HSH_RESOURCES,resources,EXPOSURE_STATS/DEBATING AI DATA/DebatingA.I.OntheFutureofPhysics_TopEpisodesByConsumptionTime_all-time (1).csv,metadata_or_analytics,.csv,909,0cc0fae313cfc0772b60a8f4abd1c97fbb757caf60d62e2de640c40e811a1b03,a35c64ced1a596181983660cf1eeb5be7028cff8,sha256:0cc0fae313cfc0772b60a8f4abd1c97fbb757caf60d62e2de640c40e811a1b03,OntheFutureofPhysics TopEpisodesByConsumptionTime all-time (1),,True,False,False,False,,
resources:0cc0fae313cfc077,Satobloc/HSH_RESOURCES,resources,EXPOSURE_STATS/DEBATING AI DATA/DebatingA.I.OntheFutureofPhysics_TopEpisodesByConsumptionTime_all-time.csv,metadata_or_analytics,.csv,909,0cc0fae313cfc0772b60a8f4abd1c97fbb757caf60d62e2de640c40e811a1b03,a35c64ced1a596181983660cf1eeb5be7028cff8,sha256:0cc0fae313cfc0772b60a8f4abd1c97fbb757caf60d62e2de640c40e811a1b03,OntheFutureofPhysics TopEpisodesByConsumptionTime all-time,,True,False,False,False,,
resources:82181a5ba3ce46b1,Satobloc/HSH_RESOURCES,resources,EXPOSURE_STATS/DEBATING AI DATA/DebatingA.I.OntheFutureofPhysics_TopEpisodesByImpressions_3-17-2026--6-14-2026 (1).csv,metadata_or_analytics,.csv,983,82181a5ba3ce46b16728d077a90e7beaadf240a8efbd34ad48af54440680f59a,3c7c8b66f7bfb243cf91387b2cb7084bc970f7c0,sha256:82181a5ba3ce46b16728d077a90e7beaadf240a8efbd34ad48af54440680f59a,OntheFutureofPhysics TopEpisodesByImpressions 3-17-2026--6-14-2026 (1),,True,False,False,False,,
resources:82181a5ba3ce46b1,Satobloc/HSH_RESOURCES,resources,EXPOSURE_STATS/DEBATING AI DATA/DebatingA.I.OntheFutureofPhysics_TopEpisodesByImpressions_3-17-2026--6-14-2026.csv,metadata_or_analytics,.csv,983,82181a5ba3ce46b16728d077a90e7beaadf240a8efbd34ad48af54440680f59a,3c7c8b66f7bfb243cf91387b2cb7084bc970f7c0,sha256:82181a5ba3ce46b16728d077a90e7beaadf240a8efbd34ad48af54440680f59a,OntheFutureofPhysics TopEpisodesByImpressions 3-17-2026--6-14-2026,,True,False,False,False,,
resources:77503f187b153069,Satobloc/HSH_RESOURCES,resources,EXPOSURE_STATS/DEBATING AI DATA/DebatingA.I.OntheFutureofPhysics_TrendsChart_PlaysAndDownloads_First7Days (1).csv,metadata_or_analytics,.csv,13060,77503f187b1530697d648402f8162a28d235052c5496d07171d00aa3798fcf65,02e17e4cbd23a21a335f53c74256d7e0cd4570f6,sha256:77503f187b1530697d648402f8162a28d235052c5496d07171d00aa3798fcf65,OntheFutureofPhysics TrendsChart PlaysAndDownloads First7Days (1),,True,False,False,False,,
resources:42ab243dcce4ecf9,Satobloc/HSH_RESOURCES,resources,EXPOSURE_STATS/DEBATING AI DATA/DebatingA.I.OntheFutureofPhysics_TrendsChart_PlaysAndDownloads_First7Days (10).csv,metadata_or_analytics,.csv,13060,42ab243dcce4ecf92215f81aa62f2102a1159b1572ce5a2c5a947b45780e887d,9178964c944604ca7899e647c0222a6c63c2fc24,sha256:42ab243dcce4ecf92215f81aa62f2102a1159b1572ce5a2c5a947b45780e887d,OntheFutureofPhysics TrendsChart PlaysAndDownloads First7Days (10),,True,False,False,False,,
resources:77503f187b153069,Satobloc/HSH_RESOURCES,resources,EXPOSURE_STATS/DEBATING AI DATA/DebatingA.I.OntheFutureofPhysics_TrendsChart_PlaysAndDownloads_First7Days (2).csv,metadata_or_analytics,.csv,13060,77503f187b1530697d648402f8162a28d235052c5496d07171d00aa3798fcf65,02e17e4cbd23a21a335f53c74256d7e0cd4570f6,sha256:77503f187b1530697d648402f8162a28d235052c5496d07171d00aa3798fcf65,OntheFutureofPhysics TrendsChart PlaysAndDownloads First7Days (2),,True,False,False,False,,
resources:a1db4863418e8826,Satobloc/HSH_RESOURCES,resources,EXPOSURE_STATS/DEBATING AI DATA/DebatingA.I.OntheFutureofPhysics_TrendsChart_PlaysAndDownloads_First7Days (3).csv,metadata_or_analytics,.csv,13060,a1db4863418e8826dd91a6f39a07d52b54646743cae70a99673274c99f038276,5822f6c4a0de1aad07233f9e8c5c0286590a3572,sha256:a1db4863418e8826dd91a6f39a07d52b54646743cae70a99673274c99f038276,OntheFutureofPhysics TrendsChart PlaysAndDownloads First7Days (3),,True,False,False,False,,
resources:f11f871f4aa948fe,Satobloc/HSH_RESOURCES,resources,EXPOSURE_STATS/DEBATING AI DATA/DebatingA.I.OntheFutureofPhysics_TrendsChart_PlaysAndDownloads_First7Days (4).csv,metadata_or_analytics,.csv,13060,f11f871f4aa948feade1a904b13e92097e58906e00965d32c764a539ffc6c640,a6f99aa38bbbbf4e492f697c8d2ec196c87aa331,sha256:f11f871f4aa948feade1a904b13e92097e58906e00965d32c764a539ffc6c640,OntheFutureofPhysics TrendsChart PlaysAndDownloads First7Days (4),,True,False,False,False,,
resources:75abda0396494af7,Satobloc/HSH_RESOURCES,resources,EXPOSURE_STATS/DEBATING AI DATA/DebatingA.I.OntheFutureofPhysics_TrendsChart_PlaysAndDownloads_First7Days (5).csv,metadata_or_analytics,.csv,13060,75abda0396494af785d88d996fcad58b6cba9063ff23a1d9a988513459229999,b35f7557ca60c1d10a5cbdf39ffa1bf4a1f99b98,sha256:75abda0396494af785d88d996fcad58b6cba9063ff23a1d9a988513459229999,OntheFutureofPhysics TrendsChart PlaysAndDownloads First7Days (5),,True,False,False,False,,
resources:75abda0396494af7,Satobloc/HSH_RESOURCES,resources,EXPOSURE_STATS/DEBATING AI DATA/DebatingA.I.OntheFutureofPhysics_TrendsChart_PlaysAndDownloads_First7Days (6).csv,metadata_or_analytics,.csv,13060,75abda0396494af785d88d996fcad58b6cba9063ff23a1d9a988513459229999,b35f7557ca60c1d10a5cbdf39ffa1bf4a1f99b98,sha256:75abda0396494af785d88d996fcad58b6cba9063ff23a1d9a988513459229999,OntheFutureofPhysics TrendsChart PlaysAndDownloads First7Days (6),,True,False,False,False,,
resources:75abda0396494af7,Satobloc/HSH_RESOURCES,resources,EXPOSURE_STATS/DEBATING AI DATA/DebatingA.I.OntheFutureofPhysics_TrendsChart_PlaysAndDownloads_First7Days (7).csv,metadata_or_analytics,.csv,13060,75abda0396494af785d88d996fcad58b6cba9063ff23a1d9a988513459229999,b35f7557ca60c1d10a5cbdf39ffa1bf4a1f99b98,sha256:75abda0396494af785d88d996fcad58b6cba9063ff23a1d9a988513459229999,OntheFutureofPhysics TrendsChart PlaysAndDownloads First7Days (7),,True,False,False,False,,
resources:75abda0396494af7,Satobloc/HSH_RESOURCES,resources,EXPOSURE_STATS/DEBATING AI DATA/DebatingA.I.OntheFutureofPhysics_TrendsChart_PlaysAndDownloads_First7Days (8).csv,metadata_or_analytics,.csv,13060,75abda0396494af785d88d996fcad58b6cba9063ff23a1d9a988513459229999,b35f7557ca60c1d10a5cbdf39ffa1bf4a1f99b98,sha256:75abda0396494af785d88d996fcad58b6cba9063ff23a1d9a988513459229999,OntheFutureofPhysics TrendsChart PlaysAndDownloads First7Days (8),,True,False,False,False,,
resources:42ab243dcce4ecf9,Satobloc/HSH_RESOURCES,resources,EXPOSURE_STATS/DEBATING AI DATA/DebatingA.I.OntheFutureofPhysics_TrendsChart_PlaysAndDownloads_First7Days (9).csv,metadata_or_analytics,.csv,13060,42ab243dcce4ecf92215f81aa62f2102a1159b1572ce5a2c5a947b45780e887d,9178964c944604ca7899e647c0222a6c63c2fc24,sha256:42ab243dcce4ecf92215f81aa62f2102a1159b1572ce5a2c5a947b45780e887d,OntheFutureofPhysics TrendsChart PlaysAndDownloads First7Days (9),,True,False,False,False,,
resources:77503f187b153069,Satobloc/HSH_RESOURCES,resources,EXPOSURE_STATS/DEBATING AI DATA/DebatingA.I.OntheFutureofPhysics_TrendsChart_PlaysAndDownloads_First7Days.csv,metadata_or_analytics,.csv,13060,77503f187b1530697d648402f8162a28d235052c5496d07171d00aa3798fcf65,02e17e4cbd23a21a335f53c74256d7e0cd4570f6,sha256:77503f187b1530697d648402f8162a28d235052c5496d07171d00aa3798fcf65,OntheFutureofPhysics TrendsChart PlaysAndDownloads First7Days,,True,False,False,False,,
resources:37bc7d2921bad508,Satobloc/HSH_RESOURCES,resources,EXPOSURE_STATS/DEBATING AI DATA/DebatingA.I.OntheFutureofPhysics_WeekOverWeekRetention_1-1-2026--6-16-2026 (1).csv,metadata_or_analytics,.csv,396,37bc7d2921bad508feb7fdd04b7faa9e19d5a60257f49b534eceef1c2ccbf221,423a1a9b7525038b4546fe7ddd61b44dde24be32,sha256:37bc7d2921bad508feb7fdd04b7faa9e19d5a60257f49b534eceef1c2ccbf221,OntheFutureofPhysics WeekOverWeekRetention 1-1-2026--6-16-2026 (1),,True,False,False,False,,
resources:37bc7d2921bad508,Satobloc/HSH_RESOURCES,resources,EXPOSURE_STATS/DEBATING AI DATA/DebatingA.I.OntheFutureofPhysics_WeekOverWeekRetention_1-1-2026--6-16-2026.csv,metadata_or_analytics,.csv,396,37bc7d2921bad508feb7fdd04b7faa9e19d5a60257f49b534eceef1c2ccbf221,423a1a9b7525038b4546fe7ddd61b44dde24be32,sha256:37bc7d2921bad508feb7fdd04b7faa9e19d5a60257f49b534eceef1c2ccbf221,OntheFutureofPhysics WeekOverWeekRetention 1-1-2026--6-16-2026,,True,False,False,False,,
resources:b0a888c52021d9bc,Satobloc/HSH_RESOURCES,resources,EXPOSURE_STATS/DEBATING AI DATA/DebatingA.I.OntheFutureofPhysics_WeekOverWeekRetention_3-19-2026--6-16-2026.csv,metadata_or_analytics,.csv,221,b0a888c52021d9bcad08d9c1cd83fce9c6664e47f02d56ae07e1fbc0b65bc762,765612b5ed3413930e799d17f39cd0f63d864618,sha256:b0a888c52021d9bcad08d9c1cd83fce9c6664e47f02d56ae07e1fbc0b65bc762,OntheFutureofPhysics WeekOverWeekRetention 3-19-2026--6-16-2026,,True,False,False,False,,
resources:6e13bb2a9f59c829,Satobloc/HSH_RESOURCES,resources,EXPOSURE_STATS/PODCAST_EPs/CROSS_TRANSCRIPT_CATALOG.csv,metadata_or_analytics,.csv,2780,6e13bb2a9f59c82904269dc6b2e0641f7b34521444edb9fec20a8a8bc32da109,73e8aa785aca2acd2e199476e320a11957858bcb,,CROSS TRANSCRIPT CATALOG,,True,False,False,False,,
resources:221a178c628eeec3,Satobloc/HSH_RESOURCES,resources,EXPOSURE_STATS/PODCAST_EPs/CROSS_TRANSCRIPT_KEYWORD_HITS.csv,metadata_or_analytics,.csv,190314,221a178c628eeec3a3f50f40e26a813ff827557235afa0387e969d8c4871d280,696f1f765c79b3ac9018fb5d36553f288a65a84f,,CROSS TRANSCRIPT KEYWORD HITS,,True,False,False,False,,
resources:782018b47e0a4e28,Satobloc/HSH_RESOURCES,resources,EXPOSURE_STATS/PODCAST_EPs/CROSS_TRANSCRIPT_KEYWORD_MATRIX.csv,metadata_or_analytics,.csv,5421,782018b47e0a4e28946ad57f49e7fad38d3eddc4362447569d02a0dfb15a9bcb,d503e41eb6b8318f0bd29aba331039fcd6a92f47,,CROSS TRANSCRIPT KEYWORD MATRIX,,True,False,False,False,,
resources:f24fdd5bf5241f01,Satobloc/HSH_RESOURCES,resources,EXPOSURE_STATS/PODCAST_EPs/DebatingA.I.OnScience_EpisodeRankings_all-time.csv,analytics,.csv,24858,f24fdd5bf5241f01900f0dbc64ec3970bf6bf495a8ea63870f301032473d608c,d50033462305d803a8e27f76b8f03f210d87fb52,sha256:f24fdd5bf5241f01900f0dbc64ec3970bf6bf495a8ea63870f301032473d608c,OnScience EpisodeRankings all-time,,True,False,False,False,,
resources:f3665f5230b96bdb,Satobloc/HSH_RESOURCES,resources,EXPOSURE_STATS/SAT — PODCAST STATS/34gtretCapture.JPG,analytics_capture,.jpg,162002,f3665f5230b96bdbbbd25cb3997ed25cfb32fe3dffc89d8d36a5507c7f01d32e,8b5e0999f5571bc9f9d7923688d88f469324e154,,34gtretCapture,,True,False,False,False,,
resources:4fe37a75a512868a,Satobloc/HSH_RESOURCES,resources,EXPOSURE_STATS/SAT — PODCAST STATS/34qffsdf.JPG,analytics_capture,.jpg,162330,4fe37a75a512868a0857988fbc59b0fef9ae2268c61118802ff08644f6e17632,252a70f3ee132cc6540871f6e8a3792482619060,,34qffsdf,,True,False,False,False,,
resources:dd69d91d89d1e43c,Satobloc/HSH_RESOURCES,resources,EXPOSURE_STATS/SAT — PODCAST STATS/34tferfCapture.JPG,analytics_capture,.jpg,163267,dd69d91d89d1e43cf48e2617ee1bba7a9bbfc611f936db397003169f824df7da,5665211fbcdd91e1e4dcae1af5cc35a35462196d,,34tferfCapture,,True,False,False,False,,
resources:bae99c918c40e6cb,Satobloc/HSH_RESOURCES,resources,EXPOSURE_STATS/SAT — PODCAST STATS/34trefadCapture.JPG,analytics_capture,.jpg,163605,bae99c918c40e6cbf602028982cba807e648c5f0e7570a5c88c21f1eb9c9bba1,ab8a8e440db5a3f11bcc5a3f36eb71f1a15064bc,,34trefadCapture,,True,False,False,False,,
resources:0de982ea5f4b4e8a,Satobloc/HSH_RESOURCES,resources,EXPOSURE_STATS/SAT — PODCAST STATS/34yt45tCapture.JPG,analytics_capture,.jpg,163695,0de982ea5f4b4e8a6718aee3ac467138772f6fc24fa7aeaf4b549933d0c13dc8,eb1e634e658ec14cc7d798d23b269a637235634f,,34yt45tCapture,,True,False,False,False,,
resources:eafb8489293bb2c6,Satobloc/HSH_RESOURCES,resources,EXPOSURE_STATS/SAT — PODCAST STATS/43t3fewfCapture.JPG,analytics_capture,.jpg,156989,eafb8489293bb2c67914cfb6d541fa4466e7e6e470b7fdd8ef4a879bbd068906,7099bb1b24e5f99f4d9efa7ed1b882b7caa31df6,,43t3fewfCapture,,True,False,False,False,,
resources:798e561768d7a99f,Satobloc/HSH_RESOURCES,resources,EXPOSURE_STATS/SAT — PODCAST STATS/43tgerCapture.JPG,analytics_capture,.jpg,164212,798e561768d7a99f77ed77456711cea6ac8ccc0672af32ec34f58c2f5746ea26,579d768228c0a980c5cee20a534599c57914be06,,43tgerCapture,,True,False,False,False,,
resources:4f9d915d08f5e606,Satobloc/HSH_RESOURCES,resources,EXPOSURE_STATS/SAT — PODCAST STATS/4yt43tCapture.JPG,analytics_capture,.jpg,159519,4f9d915d08f5e606000980dd1cbe54dad99ad02ad3e95e3509d286a521fc8be6,ad8154c64543eda19bdc225ba07fea9e7e3760ef,,4yt43tCapture,,True,False,False,False,,
resources:30972c379da562ad,Satobloc/HSH_RESOURCES,resources,EXPOSURE_STATS/SAT — PODCAST STATS/5trgsCapture.JPG,analytics_capture,.jpg,164313,30972c379da562ada3cd5f4f19e4155621f5722f36fc619920c61c2eeda3352d,5a1f8853d6f607e31d0b6528ff09ed2ee6e28b50,,5trgsCapture,,True,False,False,False,,
resources:66736f8e59aa4d76,Satobloc/HSH_RESOURCES,resources,EXPOSURE_STATS/SAT — PODCAST STATS/8DebatingA.I.OntheFutureofPhysics_GeoLocationAllPlatforms_all-time.csv,analytics,.csv,432,66736f8e59aa4d763dbefcc93797bbf02b053204acaf5f2399496f77b9fb73e4,0d47115e02ff782afc790c5eede3266e3c3edc94,sha256:66736f8e59aa4d763dbefcc93797bbf02b053204acaf5f2399496f77b9fb73e4,8DebatingA.I.OntheFutureofPhysics GeoLocationAllPlatforms all-time,,True,False,False,False,,
resources:c71833891223f11c,Satobloc/HSH_RESOURCES,resources,EXPOSURE_STATS/SAT — PODCAST STATS/aeergaerCapture.JPG,analytics_capture,.jpg,165196,c71833891223f11ca355244ee985e143e8c337368ba4600a4858572f7782fd2a,1ad0e68941b64bf76c738f8005fea1d3b56342eb,,aeergaerCapture,,True,False,False,False,,
resources:57bc24704e580c2d,Satobloc/HSH_RESOURCES,resources,EXPOSURE_STATS/SAT — PODCAST STATS/af4a34trfCapture.JPG,analytics_capture,.jpg,160156,57bc24704e580c2d73fa742ba674bafcc87617b3d9e37e7df7ea96ddbc136e9f,eb9b210af0b7bc89fade1899db30292f58ab1623,,af4a34trfCapture,,True,False,False,False,,
resources:b4736e045144df49,Satobloc/HSH_RESOURCES,resources,EXPOSURE_STATS/SAT — PODCAST STATS/asdasdsCapture.JPG,analytics_capture,.jpg,160857,b4736e045144df49f530828ef326081088166416830512a63b5dc865858d3a32,d788e2701874839d163bad7b4fb53e6f4c3c360b,,asdasdsCapture,,True,False,False,False,,
resources:46ad95f82914c577,Satobloc/HSH_RESOURCES,resources,EXPOSURE_STATS/SAT — PODCAST STATS/asdasvCapture.JPG,analytics_capture,.jpg,162121,46ad95f82914c5771575bf1daffa96be5fc4eca8b85d721b5742bb49abbbe721,acd98047181364b4b0105022a00299afb6478933,,asdasvCapture,,True,False,False,False,,
resources:9a3d708996816f94,Satobloc/HSH_RESOURCES,resources,EXPOSURE_STATS/SAT — PODCAST STATS/asfasdfasfweCapture.JPG,analytics_capture,.jpg,165369,9a3d708996816f940bed5ac21647e1d5337508a1d313744a897097f78974bed6,40f11962268c6aade84b7a0aec95dc2bd07bdaf7,,asfasdfasfweCapture,,True,False,False,False,,
resources:96c31fb7f97317bb,Satobloc/HSH_RESOURCES,resources,EXPOSURE_STATS/SAT — PODCAST STATS/asv3e4erfCapture.JPG,analytics_capture,.jpg,162477,96c31fb7f97317bb147241a3febc243fcad0fb768ffb4a30e1d4b3a31fbc94bc,357ca5b16f0b19815f03cd06e608f728043e966b,,asv3e4erfCapture,,True,False,False,False,,
resources:56ca22ad60b4ac59,Satobloc/HSH_RESOURCES,resources,EXPOSURE_STATS/SAT — PODCAST STATS/asvasdasdCapture.JPG,analytics_capture,.jpg,160674,56ca22ad60b4ac59c5b87538f091bba86f9ed786286effca50979b3f6002907b,b030deadae22f93e41051e285f4fbef5d5dea731,,asvasdasdCapture,,True,False,False,False,,
resources:45d3a42f2c4d93f7,Satobloc/HSH_RESOURCES,resources,EXPOSURE_STATS/SAT — PODCAST STATS/atefraaefdCapture.JPG,analytics_capture,.jpg,159743,45d3a42f2c4d93f70d550f99c56f901fa630d462b85755bc17782724ddd5cb98,fb55cc1e7645a21cb5113cfc0402d63ab5e6d39b,,atefraaefdCapture,,True,False,False,False,,
resources:fe763ed3f6edab96,Satobloc/HSH_RESOURCES,resources,EXPOSURE_STATS/SAT — PODCAST STATS/atwer3aCapture.JPG,analytics_capture,.jpg,167938,fe763ed3f6edab96e820c7df48a6f9c62bfbcc0eed4cd183c277db11419b7982,032d45aa4c0cd592eb0571d6e6afcc2ba36f00cd,,atwer3aCapture,,True,False,False,False,,
resources:1ba85b1eaae889d9,Satobloc/HSH_RESOURCES,resources,EXPOSURE_STATS/SAT — PODCAST STATS/awfesdcdsfcCapture.JPG,analytics_capture,.jpg,167710,1ba85b1eaae889d991f88a1c91cac828570d06c219b8ba84f144ce2676e47b41,2d783d805cceefe08a4fdcc6bb0f057339a6e304,,awfesdcdsfcCapture,,True,False,False,False,,
resources:0eea8853ec7716d6,Satobloc/HSH_RESOURCES,resources,EXPOSURE_STATS/SAT — PODCAST STATS/awvwe4Capture.JPG,analytics_capture,.jpg,165418,0eea8853ec7716d620043d141489bbbf3bac04bc5ede0f0624ed590e07a4ba2f,a703f6a3ac78370a9c593997101a093c545a563c,,awvwe4Capture,,True,False,False,False,,
resources:49f5fae1d6c19c01,Satobloc/HSH_RESOURCES,resources,EXPOSURE_STATS/SAT — PODCAST STATS/Debating  Listeners .txt,analytics,.txt,3055,49f5fae1d6c19c0164ccb459190a3f12dd4c8aeb49badfd37c27f7b70f37e405,760a80e117cafdd7fb9c8debecd46dd045d84f8d,sha256:49f5fae1d6c19c0164ccb459190a3f12dd4c8aeb49badfd37c27f7b70f37e405,Debating Listeners,,True,False,False,False,,
resources:b69fe7ab0267a553,Satobloc/HSH_RESOURCES,resources,EXPOSURE_STATS/SAT — PODCAST STATS/Debating  Listeners 2.txt,analytics,.txt,62305,b69fe7ab0267a553f6e1a180b0bbb98b5dafc6ec1176e623bcc1d276f50c53a3,f87fd97b1fbec1617b8ebbd3a36d9bd28ee515cb,sha256:b69fe7ab0267a553f6e1a180b0bbb98b5dafc6ec1176e623bcc1d276f50c53a3,Debating Listeners 2,,True,False,False,False,,
resources:b69fe7ab0267a553,Satobloc/HSH_RESOURCES,resources,EXPOSURE_STATS/SAT — PODCAST STATS/Debating  LISTENERSHIP.txt,analytics,.txt,62305,b69fe7ab0267a553f6e1a180b0bbb98b5dafc6ec1176e623bcc1d276f50c53a3,f87fd97b1fbec1617b8ebbd3a36d9bd28ee515cb,sha256:b69fe7ab0267a553f6e1a180b0bbb98b5dafc6ec1176e623bcc1d276f50c53a3,Debating LISTENERSHIP,,True,False,False,False,,
resources:a5d0705454fe1aee,Satobloc/HSH_RESOURCES,resources,EXPOSURE_STATS/SAT — PODCAST STATS/DEBATING AI BIG STATS.txt,analytics,.txt,30431,a5d0705454fe1aee0b9482e0e5db9011d9eb297a38704ccde8b6cb4377ba3eee,b8ae90c7db5682137bc2950f4e0f40392ca00db3,sha256:a5d0705454fe1aee0b9482e0e5db9011d9eb297a38704ccde8b6cb4377ba3eee,DEBATING AI BIG STATS,,True,False,False,False,,
resources:fbcebed5b0ac3364,Satobloc/HSH_RESOURCES,resources,EXPOSURE_STATS/SAT — PODCAST STATS/Debating AI Podcast Stats.txt,analytics,.txt,193220,fbcebed5b0ac33642d6d10255ec69871c63890046204a0abd4cbd5ba1798331d,459335f7926f47d86b7d5959a594ed43e49ceae2,sha256:fbcebed5b0ac33642d6d10255ec69871c63890046204a0abd4cbd5ba1798331d,Debating AI Podcast Stats,,True,False,False,False,,
resources:0ea704038f9f4f54,Satobloc/HSH_RESOURCES,resources,EXPOSURE_STATS/SAT — PODCAST STATS/Debating AI Stats 2.txt,analytics,.txt,197752,0ea704038f9f4f543f6ca2fa846084aab23178b2dc716e21065c310c00f04fb6,00f42f3d6912df9b0e9486921bcc32c046328daa,sha256:0ea704038f9f4f543f6ca2fa846084aab23178b2dc716e21065c310c00f04fb6,Debating AI Stats 2,,True,False,False,False,,
resources:0d6291cd7e4a3456,Satobloc/HSH_RESOURCES,resources,EXPOSURE_STATS/SAT — PODCAST STATS/Debating AI Stats.txt,analytics,.txt,197753,0d6291cd7e4a345640a57dbd20ffd93df9cf099614e133ea66fab2c1221189f9,cf8264f961c0a385ad0a4c90fa31c5b11c192b79,sha256:0d6291cd7e4a345640a57dbd20ffd93df9cf099614e133ea66fab2c1221189f9,Debating AI Stats,,True,False,False,False,,
resources:09a9d2e21c0360a8,Satobloc/HSH_RESOURCES,resources,EXPOSURE_STATS/SAT — PODCAST STATS/DebatingA.I.OntheFutureofPhysics_AgeByGender_all-time.csv,metadata_or_analytics,.csv,608,09a9d2e21c0360a8cbb06afd5e812a098b479600ddd585a0800be09ef5a390b0,b3666f636b2baf21de95eb2b54003563c5fbc52a,sha256:09a9d2e21c0360a8cbb06afd5e812a098b479600ddd585a0800be09ef5a390b0,OntheFutureofPhysics AgeByGender all-time,,True,False,False,False,,
resources:ce8a12a3cf27e051,Satobloc/HSH_RESOURCES,resources,EXPOSURE_STATS/SAT — PODCAST STATS/DebatingA.I.OntheFutureofPhysics_AudienceSegments_1-1-2025--6-15-2026.csv,analytics,.csv,4293,ce8a12a3cf27e0512ee84340b63d318f49ab07e1a11d2971ee315418dd95b806,a4c09324c7fc69ef2a862aa8c3d771bd267e63c0,sha256:ce8a12a3cf27e0512ee84340b63d318f49ab07e1a11d2971ee315418dd95b806,OntheFutureofPhysics AudienceSegments 1-1-2025--6-15-2026,,True,False,False,False,,
resources:f4d05006bf66385d,Satobloc/HSH_RESOURCES,resources,EXPOSURE_STATS/SAT — PODCAST STATS/DebatingA.I.OntheFutureofPhysics_DailyImpressions_3-17-2026--6-14-2026 (1).csv,metadata_or_analytics,.csv,1218,f4d05006bf66385da8af5a271e7571781a19dcccac6c32d45a47cb15f5390a38,b4f95d0204632e3aa7a250da6edec5f2222a7fdc,sha256:f4d05006bf66385da8af5a271e7571781a19dcccac6c32d45a47cb15f5390a38,OntheFutureofPhysics DailyImpressions 3-17-2026--6-14-2026 (1),,True,False,False,False,,
resources:f4d05006bf66385d,Satobloc/HSH_RESOURCES,resources,EXPOSURE_STATS/SAT — PODCAST STATS/DebatingA.I.OntheFutureofPhysics_DailyImpressions_3-17-2026--6-14-2026.csv,metadata_or_analytics,.csv,1218,f4d05006bf66385da8af5a271e7571781a19dcccac6c32d45a47cb15f5390a38,b4f95d0204632e3aa7a250da6edec5f2222a7fdc,sha256:f4d05006bf66385da8af5a271e7571781a19dcccac6c32d45a47cb15f5390a38,OntheFutureofPhysics DailyImpressions 3-17-2026--6-14-2026,,True,False,False,False,,
resources:514e24ff641ba0ed,Satobloc/HSH_RESOURCES,resources,EXPOSURE_STATS/SAT — PODCAST STATS/DebatingA.I.OntheFutureofPhysics_Engagement_all-time (1).csv,metadata_or_analytics,.csv,11191,514e24ff641ba0eda717b43317e21e8f3368efc7d8fded755e744b5b956fcc4c,fec94fa38dbcc8f45da856d43ea5ec37795c1a65,sha256:514e24ff641ba0eda717b43317e21e8f3368efc7d8fded755e744b5b956fcc4c,OntheFutureofPhysics Engagement all-time (1),,True,False,False,False,,
resources:514e24ff641ba0ed,Satobloc/HSH_RESOURCES,resources,EXPOSURE_STATS/SAT — PODCAST STATS/DebatingA.I.OntheFutureofPhysics_Engagement_all-time (2).csv,metadata_or_analytics,.csv,11191,514e24ff641ba0eda717b43317e21e8f3368efc7d8fded755e744b5b956fcc4c,fec94fa38dbcc8f45da856d43ea5ec37795c1a65,sha256:514e24ff641ba0eda717b43317e21e8f3368efc7d8fded755e744b5b956fcc4c,OntheFutureofPhysics Engagement all-time (2),,True,False,False,False,,
resources:514e24ff641ba0ed,Satobloc/HSH_RESOURCES,resources,EXPOSURE_STATS/SAT — PODCAST STATS/DebatingA.I.OntheFutureofPhysics_Engagement_all-time (3).csv,metadata_or_analytics,.csv,11191,514e24ff641ba0eda717b43317e21e8f3368efc7d8fded755e744b5b956fcc4c,fec94fa38dbcc8f45da856d43ea5ec37795c1a65,sha256:514e24ff641ba0eda717b43317e21e8f3368efc7d8fded755e744b5b956fcc4c,OntheFutureofPhysics Engagement all-time (3),,True,False,False,False,,
resources:514e24ff641ba0ed,Satobloc/HSH_RESOURCES,resources,EXPOSURE_STATS/SAT — PODCAST STATS/DebatingA.I.OntheFutureofPhysics_Engagement_all-time (4).csv,metadata_or_analytics,.csv,11191,514e24ff641ba0eda717b43317e21e8f3368efc7d8fded755e744b5b956fcc4c,fec94fa38dbcc8f45da856d43ea5ec37795c1a65,sha256:514e24ff641ba0eda717b43317e21e8f3368efc7d8fded755e744b5b956fcc4c,OntheFutureofPhysics Engagement all-time (4),,True,False,False,False,,
resources:514e24ff641ba0ed,Satobloc/HSH_RESOURCES,resources,EXPOSURE_STATS/SAT — PODCAST STATS/DebatingA.I.OntheFutureofPhysics_Engagement_all-time.csv,metadata_or_analytics,.csv,11191,514e24ff641ba0eda717b43317e21e8f3368efc7d8fded755e744b5b956fcc4c,fec94fa38dbcc8f45da856d43ea5ec37795c1a65,sha256:514e24ff641ba0eda717b43317e21e8f3368efc7d8fded755e744b5b956fcc4c,OntheFutureofPhysics Engagement all-time,,True,False,False,False,,
resources:113a41dbb5ae086d,Satobloc/HSH_RESOURCES,resources,EXPOSURE_STATS/SAT — PODCAST STATS/DebatingA.I.OntheFutureofPhysics_EpisodeCompletionRates.csv,metadata_or_analytics,.csv,797,113a41dbb5ae086da0436f530726278c592e4021fb730e00a0da0f0746b25643,d64a379b9a05093e55d62e00e96850f28e8c7d18,sha256:113a41dbb5ae086da0436f530726278c592e4021fb730e00a0da0f0746b25643,OntheFutureofPhysics EpisodeCompletionRates,,True,False,False,False,,
resources:92514011e974d2df,Satobloc/HSH_RESOURCES,resources,EXPOSURE_STATS/SAT — PODCAST STATS/DebatingA.I.OntheFutureofPhysics_Gender_all-time.csv,metadata_or_analytics,.csv,118,92514011e974d2dfff845f78961e23b905a39216ef0d3e73537fc0aa5cbc4ace,f442b6e795b8c2318cd0df724ebc0924712ae6b3,sha256:92514011e974d2dfff845f78961e23b905a39216ef0d3e73537fc0aa5cbc4ace,OntheFutureofPhysics Gender all-time,,True,False,False,False,,
resources:2b80b2428ec70125,Satobloc/HSH_RESOURCES,resources,EXPOSURE_STATS/SAT — PODCAST STATS/DebatingA.I.OntheFutureofPhysics_GeoLocationAllPlatforms_all-time (1).csv,analytics,.csv,348,2b80b2428ec701256374990886ee9fccac85de85b37afc5bbaec56df8d903129,50dc721394fecfe1eab387248f592f175dd27e7d,sha256:2b80b2428ec701256374990886ee9fccac85de85b37afc5bbaec56df8d903129,OntheFutureofPhysics GeoLocationAllPlatforms all-time (1),,True,False,False,False,,
resources:ffbdf650a8e6892a,Satobloc/HSH_RESOURCES,resources,EXPOSURE_STATS/SAT — PODCAST STATS/DebatingA.I.OntheFutureofPhysics_GeoLocationAllPlatforms_all-time.csv,analytics,.csv,865,ffbdf650a8e6892a082e2eccba86e2b359ace8381177d8604ec5187dafe59b4d,d8892d2f8616e3f04b69614882ca1bb47fa740c9,sha256:ffbdf650a8e6892a082e2eccba86e2b359ace8381177d8604ec5187dafe59b4d,OntheFutureofPhysics GeoLocationAllPlatforms all-time,,True,False,False,False,,
resources:0cc0fae313cfc077,Satobloc/HSH_RESOURCES,resources,EXPOSURE_STATS/SAT — PODCAST STATS/DebatingA.I.OntheFutureofPhysics_TopEpisodesByConsumptionTime_all-time (1).csv,metadata_or_analytics,.csv,909,0cc0fae313cfc0772b60a8f4abd1c97fbb757caf60d62e2de640c40e811a1b03,a35c64ced1a596181983660cf1eeb5be7028cff8,sha256:0cc0fae313cfc0772b60a8f4abd1c97fbb757caf60d62e2de640c40e811a1b03,OntheFutureofPhysics TopEpisodesByConsumptionTime all-time (1),,True,False,False,False,,
resources:0cc0fae313cfc077,Satobloc/HSH_RESOURCES,resources,EXPOSURE_STATS/SAT — PODCAST STATS/DebatingA.I.OntheFutureofPhysics_TopEpisodesByConsumptionTime_all-time.csv,metadata_or_analytics,.csv,909,0cc0fae313cfc0772b60a8f4abd1c97fbb757caf60d62e2de640c40e811a1b03,a35c64ced1a596181983660cf1eeb5be7028cff8,sha256:0cc0fae313cfc0772b60a8f4abd1c97fbb757caf60d62e2de640c40e811a1b03,OntheFutureofPhysics TopEpisodesByConsumptionTime all-time,,True,False,False,False,,
resources:82181a5ba3ce46b1,Satobloc/HSH_RESOURCES,resources,EXPOSURE_STATS/SAT — PODCAST STATS/DebatingA.I.OntheFutureofPhysics_TopEpisodesByImpressions_3-17-2026--6-14-2026 (1).csv,metadata_or_analytics,.csv,983,82181a5ba3ce46b16728d077a90e7beaadf240a8efbd34ad48af54440680f59a,3c7c8b66f7bfb243cf91387b2cb7084bc970f7c0,sha256:82181a5ba3ce46b16728d077a90e7beaadf240a8efbd34ad48af54440680f59a,OntheFutureofPhysics TopEpisodesByImpressions 3-17-2026--6-14-2026 (1),,True,False,False,False,,
resources:82181a5ba3ce46b1,Satobloc/HSH_RESOURCES,resources,EXPOSURE_STATS/SAT — PODCAST STATS/DebatingA.I.OntheFutureofPhysics_TopEpisodesByImpressions_3-17-2026--6-14-2026.csv,metadata_or_analytics,.csv,983,82181a5ba3ce46b16728d077a90e7beaadf240a8efbd34ad48af54440680f59a,3c7c8b66f7bfb243cf91387b2cb7084bc970f7c0,sha256:82181a5ba3ce46b16728d077a90e7beaadf240a8efbd34ad48af54440680f59a,OntheFutureofPhysics TopEpisodesByImpressions 3-17-2026--6-14-2026,,True,False,False,False,,
resources:77503f187b153069,Satobloc/HSH_RESOURCES,resources,EXPOSURE_STATS/SAT — PODCAST STATS/DebatingA.I.OntheFutureofPhysics_TrendsChart_PlaysAndDownloads_First7Days (1).csv,metadata_or_analytics,.csv,13060,77503f187b1530697d648402f8162a28d235052c5496d07171d00aa3798fcf65,02e17e4cbd23a21a335f53c74256d7e0cd4570f6,sha256:77503f187b1530697d648402f8162a28d235052c5496d07171d00aa3798fcf65,OntheFutureofPhysics TrendsChart PlaysAndDownloads First7Days (1),,True,False,False,False,,
resources:42ab243dcce4ecf9,Satobloc/HSH_RESOURCES,resources,EXPOSURE_STATS/SAT — PODCAST STATS/DebatingA.I.OntheFutureofPhysics_TrendsChart_PlaysAndDownloads_First7Days (10).csv,metadata_or_analytics,.csv,13060,42ab243dcce4ecf92215f81aa62f2102a1159b1572ce5a2c5a947b45780e887d,9178964c944604ca7899e647c0222a6c63c2fc24,sha256:42ab243dcce4ecf92215f81aa62f2102a1159b1572ce5a2c5a947b45780e887d,OntheFutureofPhysics TrendsChart PlaysAndDownloads First7Days (10),,True,False,False,False,,
resources:77503f187b153069,Satobloc/HSH_RESOURCES,resources,EXPOSURE_STATS/SAT — PODCAST STATS/DebatingA.I.OntheFutureofPhysics_TrendsChart_PlaysAndDownloads_First7Days (2).csv,metadata_or_analytics,.csv,13060,77503f187b1530697d648402f8162a28d235052c5496d07171d00aa3798fcf65,02e17e4cbd23a21a335f53c74256d7e0cd4570f6,sha256:77503f187b1530697d648402f8162a28d235052c5496d07171d00aa3798fcf65,OntheFutureofPhysics TrendsChart PlaysAndDownloads First7Days (2),,True,False,False,False,,
resources:a1db4863418e8826,Satobloc/HSH_RESOURCES,resources,EXPOSURE_STATS/SAT — PODCAST STATS/DebatingA.I.OntheFutureofPhysics_TrendsChart_PlaysAndDownloads_First7Days (3).csv,metadata_or_analytics,.csv,13060,a1db4863418e8826dd91a6f39a07d52b54646743cae70a99673274c99f038276,5822f6c4a0de1aad07233f9e8c5c0286590a3572,sha256:a1db4863418e8826dd91a6f39a07d52b54646743cae70a99673274c99f038276,OntheFutureofPhysics TrendsChart PlaysAndDownloads First7Days (3),,True,False,False,False,,
resources:f11f871f4aa948fe,Satobloc/HSH_RESOURCES,resources,EXPOSURE_STATS/SAT — PODCAST STATS/DebatingA.I.OntheFutureofPhysics_TrendsChart_PlaysAndDownloads_First7Days (4).csv,metadata_or_analytics,.csv,13060,f11f871f4aa948feade1a904b13e92097e58906e00965d32c764a539ffc6c640,a6f99aa38bbbbf4e492f697c8d2ec196c87aa331,sha256:f11f871f4aa948feade1a904b13e92097e58906e00965d32c764a539ffc6c640,OntheFutureofPhysics TrendsChart PlaysAndDownloads First7Days (4),,True,False,False,False,,
resources:75abda0396494af7,Satobloc/HSH_RESOURCES,resources,EXPOSURE_STATS/SAT — PODCAST STATS/DebatingA.I.OntheFutureofPhysics_TrendsChart_PlaysAndDownloads_First7Days (5).csv,metadata_or_analytics,.csv,13060,75abda0396494af785d88d996fcad58b6cba9063ff23a1d9a988513459229999,b35f7557ca60c1d10a5cbdf39ffa1bf4a1f99b98,sha256:75abda0396494af785d88d996fcad58b6cba9063ff23a1d9a988513459229999,OntheFutureofPhysics TrendsChart PlaysAndDownloads First7Days (5),,True,False,False,False,,
resources:75abda0396494af7,Satobloc/HSH_RESOURCES,resources,EXPOSURE_STATS/SAT — PODCAST STATS/DebatingA.I.OntheFutureofPhysics_TrendsChart_PlaysAndDownloads_First7Days (6).csv,metadata_or_analytics,.csv,13060,75abda0396494af785d88d996fcad58b6cba9063ff23a1d9a988513459229999,b35f7557ca60c1d10a5cbdf39ffa1bf4a1f99b98,sha256:75abda0396494af785d88d996fcad58b6cba9063ff23a1d9a988513459229999,OntheFutureofPhysics TrendsChart PlaysAndDownloads First7Days (6),,True,False,False,False,,
resources:75abda0396494af7,Satobloc/HSH_RESOURCES,resources,EXPOSURE_STATS/SAT — PODCAST STATS/DebatingA.I.OntheFutureofPhysics_TrendsChart_PlaysAndDownloads_First7Days (7).csv,metadata_or_analytics,.csv,13060,75abda0396494af785d88d996fcad58b6cba9063ff23a1d9a988513459229999,b35f7557ca60c1d10a5cbdf39ffa1bf4a1f99b98,sha256:75abda0396494af785d88d996fcad58b6cba9063ff23a1d9a988513459229999,OntheFutureofPhysics TrendsChart PlaysAndDownloads First7Days (7),,True,False,False,False,,
resources:75abda0396494af7,Satobloc/HSH_RESOURCES,resources,EXPOSURE_STATS/SAT — PODCAST STATS/DebatingA.I.OntheFutureofPhysics_TrendsChart_PlaysAndDownloads_First7Days (8).csv,metadata_or_analytics,.csv,13060,75abda0396494af785d88d996fcad58b6cba9063ff23a1d9a988513459229999,b35f7557ca60c1d10a5cbdf39ffa1bf4a1f99b98,sha256:75abda0396494af785d88d996fcad58b6cba9063ff23a1d9a988513459229999,OntheFutureofPhysics TrendsChart PlaysAndDownloads First7Days (8),,True,False,False,False,,
resources:42ab243dcce4ecf9,Satobloc/HSH_RESOURCES,resources,EXPOSURE_STATS/SAT — PODCAST STATS/DebatingA.I.OntheFutureofPhysics_TrendsChart_PlaysAndDownloads_First7Days (9).csv,metadata_or_analytics,.csv,13060,42ab243dcce4ecf92215f81aa62f2102a1159b1572ce5a2c5a947b45780e887d,9178964c944604ca7899e647c0222a6c63c2fc24,sha256:42ab243dcce4ecf92215f81aa62f2102a1159b1572ce5a2c5a947b45780e887d,OntheFutureofPhysics TrendsChart PlaysAndDownloads First7Days (9),,True,False,False,False,,
resources:77503f187b153069,Satobloc/HSH_RESOURCES,resources,EXPOSURE_STATS/SAT — PODCAST STATS/DebatingA.I.OntheFutureofPhysics_TrendsChart_PlaysAndDownloads_First7Days.csv,metadata_or_analytics,.csv,13060,77503f187b1530697d648402f8162a28d235052c5496d07171d00aa3798fcf65,02e17e4cbd23a21a335f53c74256d7e0cd4570f6,sha256:77503f187b1530697d648402f8162a28d235052c5496d07171d00aa3798fcf65,OntheFutureofPhysics TrendsChart PlaysAndDownloads First7Days,,True,False,False,False,,
resources:37bc7d2921bad508,Satobloc/HSH_RESOURCES,resources,EXPOSURE_STATS/SAT — PODCAST STATS/DebatingA.I.OntheFutureofPhysics_WeekOverWeekRetention_1-1-2026--6-16-2026 (1).csv,metadata_or_analytics,.csv,396,37bc7d2921bad508feb7fdd04b7faa9e19d5a60257f49b534eceef1c2ccbf221,423a1a9b7525038b4546fe7ddd61b44dde24be32,sha256:37bc7d2921bad508feb7fdd04b7faa9e19d5a60257f49b534eceef1c2ccbf221,OntheFutureofPhysics WeekOverWeekRetention 1-1-2026--6-16-2026 (1),,True,False,False,False,,
resources:37bc7d2921bad508,Satobloc/HSH_RESOURCES,resources,EXPOSURE_STATS/SAT — PODCAST STATS/DebatingA.I.OntheFutureofPhysics_WeekOverWeekRetention_1-1-2026--6-16-2026.csv,metadata_or_analytics,.csv,396,37bc7d2921bad508feb7fdd04b7faa9e19d5a60257f49b534eceef1c2ccbf221,423a1a9b7525038b4546fe7ddd61b44dde24be32,sha256:37bc7d2921bad508feb7fdd04b7faa9e19d5a60257f49b534eceef1c2ccbf221,OntheFutureofPhysics WeekOverWeekRetention 1-1-2026--6-16-2026,,True,False,False,False,,
resources:b0a888c52021d9bc,Satobloc/HSH_RESOURCES,resources,EXPOSURE_STATS/SAT — PODCAST STATS/DebatingA.I.OntheFutureofPhysics_WeekOverWeekRetention_3-19-2026--6-16-2026.csv,metadata_or_analytics,.csv,221,b0a888c52021d9bcad08d9c1cd83fce9c6664e47f02d56ae07e1fbc0b65bc762,765612b5ed3413930e799d17f39cd0f63d864618,sha256:b0a888c52021d9bcad08d9c1cd83fce9c6664e47f02d56ae07e1fbc0b65bc762,OntheFutureofPhysics WeekOverWeekRetention 3-19-2026--6-16-2026,,True,False,False,False,,
resources:4cc8d8b2162ecae0,Satobloc/HSH_RESOURCES,resources,EXPOSURE_STATS/SAT — PODCAST STATS/DebatingA.I.OntheNewPhysics_DailyImpressions_6-9-2026--9-6-2026.csv,metadata_or_analytics,.csv,1204,4cc8d8b2162ecae097efab4c95dfa8c9037859252be070a1ccc4a01b76a130d9,be9be59601dab343c848df28619afe0283c1dfa1,,OntheNewPhysics DailyImpressions 6-9-2026--9-6-2026,,True,False,False,False,,
resources:4c527e15571fc905,Satobloc/HSH_RESOURCES,resources,EXPOSURE_STATS/SAT — PODCAST STATS/DebatingA.I.OntheNewPhysics_Engagement_all-time.csv,metadata_or_analytics,.csv,12928,4c527e15571fc9058dea1f8ce3f2a1b7884800d387b1338500131e4ff67a2e02,caec889b2915dc5a0c5502e153c1c2e32a142174,,OntheNewPhysics Engagement all-time,,True,False,False,False,,
resources:9acdac0820538d6e,Satobloc/HSH_RESOURCES,resources,EXPOSURE_STATS/SAT — PODCAST STATS/DebatingA.I.OntheNewPhysics_Performance_all-time.csv,metadata_or_analytics,.csv,12632,9acdac0820538d6e1ff3c2e0be3164838153e2313b4a1af29398d6c8acc39ae9,9db2bcc80513b1623e9914b4cd3b680acdc29139,,OntheNewPhysics Performance all-time,,True,False,False,False,,
resources:12b21cea20ba775b,Satobloc/HSH_RESOURCES,resources,EXPOSURE_STATS/SAT — PODCAST STATS/DebatingA.I.OntheNewPhysics_StreamsAndDownloads_all-time.csv,analytics,.csv,7546,12b21cea20ba775b549a31b9947f81707ddb9baa84a4c050db69e203399d5c85,82359653346a8dc60335894033b2662923b2bf22,,OntheNewPhysics StreamsAndDownloads all-time,,True,False,False,False,,
resources:4d43207bb0e1a7a7,Satobloc/HSH_RESOURCES,resources,EXPOSURE_STATS/SAT — PODCAST STATS/DebatingA.I.OntheNewPhysics_TopEpisodesByConsumptionTime_all-time.csv,metadata_or_analytics,.csv,905,4d43207bb0e1a7a78a1972b86583b70659dd40de6d478b407370b7a26b95f82d,b00b1cbb1f420f7af8dc604b7e40bb40e6d45096,,OntheNewPhysics TopEpisodesByConsumptionTime all-time,,True,False,False,False,,
resources:db16da95143fee49,Satobloc/HSH_RESOURCES,resources,EXPOSURE_STATS/SAT — PODCAST STATS/DebatingA.I.OntheNewPhysics_TopEpisodesByImpressions_6-9-2026--9-6-2026.csv,metadata_or_analytics,.csv,944,db16da95143fee4982bc2d3941b1b683abc57ab7482f486ecc982ec766e3f089,c1eb431615b43c17691292775ba2c607e69a649c,,OntheNewPhysics TopEpisodesByImpressions 6-9-2026--9-6-2026,,True,False,False,False,,
resources:2173c905c5d114e5,Satobloc/HSH_RESOURCES,resources,EXPOSURE_STATS/SAT — PODCAST STATS/DebatingA.I.OntheNewPhysics_TrendsChart_AvgConsumptionTime_SincePublished (1).csv,metadata_or_analytics,.csv,10996,2173c905c5d114e5dd559091a059c7d6b4c1d0e7863393b026d3d590b88b3b42,fbb6a83388b42d9d30144d630743ea7226b9f7c3,sha256:2173c905c5d114e5dd559091a059c7d6b4c1d0e7863393b026d3d590b88b3b42,OntheNewPhysics TrendsChart AvgConsumptionTime SincePublished (1),,True,False,False,False,,
resources:2173c905c5d114e5,Satobloc/HSH_RESOURCES,resources,EXPOSURE_STATS/SAT — PODCAST STATS/DebatingA.I.OntheNewPhysics_TrendsChart_AvgConsumptionTime_SincePublished.csv,metadata_or_analytics,.csv,10996,2173c905c5d114e5dd559091a059c7d6b4c1d0e7863393b026d3d590b88b3b42,fbb6a83388b42d9d30144d630743ea7226b9f7c3,sha256:2173c905c5d114e5dd559091a059c7d6b4c1d0e7863393b026d3d590b88b3b42,OntheNewPhysics TrendsChart AvgConsumptionTime SincePublished,,True,False,False,False,,
resources:9fb81ef177538f35,Satobloc/HSH_RESOURCES,resources,EXPOSURE_STATS/SAT — PODCAST STATS/DebatingA.I.OntheNewPhysics_WeekOverWeekRetention_1-1-2026--9-8-2026.csv,metadata_or_analytics,.csv,561,9fb81ef177538f3529acd3ceda2d246f4a678aed4b0c77b9eb07fdc100fe9fdb,62001d98e22b0abd74c7eccc230a7e26e58f0a82,,OntheNewPhysics WeekOverWeekRetention 1-1-2026--9-8-2026,,True,False,False,False,,
resources:ef029bf77d8ed5c4,Satobloc/HSH_RESOURCES,resources,EXPOSURE_STATS/SAT — PODCAST STATS/DebatingA.I.OntheNewPhysics_WhatIsThoughtMadeOfFilamentUnificationIntro_EngagementStats_since-published.csv,analytics,.csv,13417,ef029bf77d8ed5c49a3e12b256e6e1a73b9f5c78e512cd8b0650868408d3decc,3c7d5617bcff6948d2dc984a6e882bfd5c6df40d,,OntheNewPhysics WhatIsThoughtMadeOfFilamentUnificationIntro EngagementStats since-published,,True,False,False,False,,
resources:404d288bd8e240a3,Satobloc/HSH_RESOURCES,resources,EXPOSURE_STATS/SAT — PODCAST STATS/DebatingA.I.OntheNewPhysics_WhatIsThoughtMadeOfFilamentUnificationIntro_PerformanceCombined_since-published.csv,metadata_or_analytics,.csv,9285,404d288bd8e240a33c73e1c0f69456dae21e5f885c4b21ef60368d0771969ee9,6e6a503d73fc463e96deebc821a842aac71d804d,,OntheNewPhysics WhatIsThoughtMadeOfFilamentUnificationIntro PerformanceCombined since-published,,True,False,False,False,,
resources:33cfd2a4b4a7edba,Satobloc/HSH_RESOURCES,resources,EXPOSURE_STATS/SAT — PODCAST STATS/DebatingA.I.OntheNewPhysics_WhatIsThoughtMadeOfFilamentUnificationIntro_StreamsAndDownloads_all-time.csv,analytics,.csv,7509,33cfd2a4b4a7edba5d4b9d8f771dbbbcc1f703bbdfe072982c23a38f76712b23,328032dd83cec53eeb7a26cb0c7d4ac22f431ef0,,OntheNewPhysics WhatIsThoughtMadeOfFilamentUnificationIntro StreamsAndDownloads all-time,,True,False,False,False,,
resources:7f535dbe44631d51,Satobloc/HSH_RESOURCES,resources,EXPOSURE_STATS/SAT — PODCAST STATS/f3etg345tCapture.JPG,analytics_capture,.jpg,163236,7f535dbe44631d511075b718d76f5680d61514aa650e432970938e49f0b7f81f,597d2b577416cba5d88c568429a6b7beccba81df,,f3etg345tCapture,,True,False,False,False,,
resources:9e8f9cc7b8505b46,Satobloc/HSH_RESOURCES,resources,EXPOSURE_STATS/SAT — PODCAST STATS/fawsfasdfCapture.JPG,analytics_capture,.jpg,158022,9e8f9cc7b8505b46ec9f07503a37230f2dbd887802246f290350f6b8e418ad50,5059587a3e6548123ff9d5a048ec21bd17d39e2e,,fawsfasdfCapture,,True,False,False,False,,
resources:3d61ed6f6c94e7fb,Satobloc/HSH_RESOURCES,resources,EXPOSURE_STATS/SAT — PODCAST STATS/fre4tCapture.JPG,analytics_capture,.jpg,158998,3d61ed6f6c94e7fb39aa5dcf4f5996a2cd3dfe15d54179719b919ca2b091d796,c6257e0ca30f37baa92d60a836f5a337176074b4,,fre4tCapture,,True,False,False,False,,
resources:cdc9974a63001813,Satobloc/HSH_RESOURCES,resources,EXPOSURE_STATS/SAT — PODCAST STATS/fwfwefaweCapture.JPG,analytics_capture,.jpg,156996,cdc9974a63001813be700c40964dfca5a1a84967483ee0630fc7d76a237882a8,20bf471418b551dd2d633b1fe462efd274187a82,,fwfwefaweCapture,,True,False,False,False,,
resources:46ffb48a41936bd5,Satobloc/HSH_RESOURCES,resources,EXPOSURE_STATS/SAT — PODCAST STATS/htsfgsdfgCapture.JPG,analytics_capture,.jpg,160748,46ffb48a41936bd5c6521246fc1419ac4dd396ca294e31d9755b646170e84f10,e6908172674ad69bf777e51743122225ab18992b,,htsfgsdfgCapture,,True,False,False,False,,
resources:094e7b5da5e907c5,Satobloc/HSH_RESOURCES,resources,EXPOSURE_STATS/SAT — PODCAST STATS/sdasvasddvCapture.JPG,analytics_capture,.jpg,162602,094e7b5da5e907c5d1aa8f5f7381076d43b0d4e82e7d29b2a51a0a67c2fa8098,dbe6c359562a5f0a5e78c48ef232f197e8972c50,,sdasvasddvCapture,,True,False,False,False,,
resources:ec10b28ddc21b1c5,Satobloc/HSH_RESOURCES,resources,EXPOSURE_STATS/SAT — PODCAST STATS/sfasfsadfCapture.JPG,analytics_capture,.jpg,160720,ec10b28ddc21b1c535853016af98d0ebcb490f18203e3f238f2bd6be413d6dfe,afbc3cb3921b9fef0c73e65bb6309df128f5f4ac,,sfasfsadfCapture,,True,False,False,False,,
resources:6c8871c74cd3d4f7,Satobloc/HSH_RESOURCES,resources,EXPOSURE_STATS/SAT — PODCAST STATS/sfasfvasdvCapture.JPG,analytics_capture,.jpg,165393,6c8871c74cd3d4f70d8cf3fed5bc1bf1bd6b29820e9624eb823e955cbb234af6,078ac3b0725184070f7755155e3bab222661eb59,,sfasfvasdvCapture,,True,False,False,False,,
resources:bfae0e166ca53ef8,Satobloc/HSH_RESOURCES,resources,EXPOSURE_STATS/SAT — PODCAST STATS/sfsadfdsfCapture.JPG,analytics_capture,.jpg,168581,bfae0e166ca53ef86c3d99824c708310e366be8a14604c7e0c32979c7b086714,28ffba037e0c0eb523b3f99a4fb0d31f8c7594b3,,sfsadfdsfCapture,,True,False,False,False,,
resources:0390369e73179226,Satobloc/HSH_RESOURCES,resources,EXPOSURE_STATS/SAT — PODCAST STATS/TheNewPhysics_AgeByGender_all-time.csv,metadata_or_analytics,.csv,663,0390369e7317922650764a32539356319f32591204478f19c2173a6f99a7d19b,1a905067180cb14921a9ad57e71797a8c25881b0,,TheNewPhysics AgeByGender all-time,,True,False,False,False,,
resources:a9fd9080dd1b7c4d,Satobloc/HSH_RESOURCES,resources,EXPOSURE_STATS/SAT — PODCAST STATS/TheNewPhysics_Apps_all-time.csv,metadata_or_analytics,.csv,76,a9fd9080dd1b7c4d8d4416911e3e709ddcbc4e2dd80c4eea3dc0486053f3447b,9527fd7b39e99a847b6b4d60dea0b52e9457b6dd,,TheNewPhysics Apps all-time,,True,False,False,False,,
resources:c94c19b624b829e4,Satobloc/HSH_RESOURCES,resources,EXPOSURE_STATS/SAT — PODCAST STATS/TheNewPhysics_Devices_all-time.csv,metadata_or_analytics,.csv,166,c94c19b624b829e4de99062a1a55422a5cc4a5076391ed3d9bf59ec8ec91bea1,5e3167372c00b213f11acb76cc3693db18420d40,,TheNewPhysics Devices all-time,,True,False,False,False,,
resources:b7a2005c76f42c59,Satobloc/HSH_RESOURCES,resources,EXPOSURE_STATS/SAT — PODCAST STATS/TheNewPhysics_Gender_all-time.csv,metadata_or_analytics,.csv,119,b7a2005c76f42c5932961cc545f1f5fc9445f891ca3f2496a8b5693c6ff8dae5,f5fd11daa533bd4a8d11446b48721ec85bf793cf,,TheNewPhysics Gender all-time,,True,False,False,False,,
resources:519f8116c33f8bf3,Satobloc/HSH_RESOURCES,resources,EXPOSURE_STATS/SAT — PODCAST STATS/TheNewPhysics_GeoLocationAllPlatforms_all-time.csv,analytics,.csv,815,519f8116c33f8bf3e39303a7d796d2be999d92694f86f270ef1ed6075895b5d6,9f180967c67b1e41b09a87771520bd4ccc1682ac,,TheNewPhysics GeoLocationAllPlatforms all-time,,True,False,False,False,,
resources:e5bc814faefbffda,Satobloc/HSH_RESOURCES,resources,EXPOSURE_STATS/SAT — PODCAST STATS/TheNewPhysics_GeoLocationSpotify_1-1-2026--9-11-2026.csv,analytics,.csv,303,e5bc814faefbffdaec32d50e1dcacbef3fd1ec85f890441107c1111397291a2f,f0d74b71c0d588451c624e22bfd51fda416781de,,TheNewPhysics GeoLocationSpotify 1-1-2026--9-11-2026,,True,False,False,False,,
resources:63ff633742d7b8fb,Satobloc/HSH_RESOURCES,resources,EXPOSURE_STATS/SAT — PODCAST STATS/TheNewPhysics_GeoLocationSpotify_6-14-2026--9-11-2026.csv,analytics,.csv,187,63ff633742d7b8fb6c287910ddfba3dd9dece5930c706631e4405cf5319a1fb6,708d30ec314095a074e3e8b3546a3bf4ffd83983,,TheNewPhysics GeoLocationSpotify 6-14-2026--9-11-2026,,True,False,False,False,,
resources:d174217ad1cea658,Satobloc/HSH_RESOURCES,resources,EXPOSURE_STATS/SAT — PODCAST STATS/TheNewPhysics_GeoLocationSpotify_all-time.csv,analytics,.csv,831,d174217ad1cea658da718502f293acb3acbd8a32ddfe18a265953ec30369fcf8,8f940de0e9c0d97bcf626a9725a5e2b4a63d03a2,,TheNewPhysics GeoLocationSpotify all-time,,True,False,False,False,,
resources:1b096165f990091f,Satobloc/HSH_RESOURCES,resources,EXPOSURE_STATS/SAT — PODCAST STATS/TheNewPhysics_TrendsChart_AvgConsumptionTime_First7Days.csv,metadata_or_analytics,.csv,15381,1b096165f990091f009c8625c91d67fee89e007b025a8fe40af12a9bb0994525,9b8bf24add93d5bde8d3682fc6351f693719687d,,TheNewPhysics TrendsChart AvgConsumptionTime First7Days,,True,False,False,False,,
resources:47b14faa4ac02dad,Satobloc/HSH_RESOURCES,resources,EXPOSURE_STATS/SAT — PODCAST STATS/TheNewPhysics_TrendsChart_AvgConsumptionTime_SincePublished (1).csv,metadata_or_analytics,.csv,10997,47b14faa4ac02dad37138e094d6f8a4ddaac657faa498842c780241351e8fca6,5455cc0ced04a9c8d7d584dd3b634bc8f819b7ca,sha256:47b14faa4ac02dad37138e094d6f8a4ddaac657faa498842c780241351e8fca6,TheNewPhysics TrendsChart AvgConsumptionTime SincePublished (1),,True,False,False,False,,
resources:47b14faa4ac02dad,Satobloc/HSH_RESOURCES,resources,EXPOSURE_STATS/SAT — PODCAST STATS/TheNewPhysics_TrendsChart_AvgConsumptionTime_SincePublished (2).csv,metadata_or_analytics,.csv,10997,47b14faa4ac02dad37138e094d6f8a4ddaac657faa498842c780241351e8fca6,5455cc0ced04a9c8d7d584dd3b634bc8f819b7ca,sha256:47b14faa4ac02dad37138e094d6f8a4ddaac657faa498842c780241351e8fca6,TheNewPhysics TrendsChart AvgConsumptionTime SincePublished (2),,True,False,False,False,,
resources:47b14faa4ac02dad,Satobloc/HSH_RESOURCES,resources,EXPOSURE_STATS/SAT — PODCAST STATS/TheNewPhysics_TrendsChart_AvgConsumptionTime_SincePublished (3).csv,metadata_or_analytics,.csv,10997,47b14faa4ac02dad37138e094d6f8a4ddaac657faa498842c780241351e8fca6,5455cc0ced04a9c8d7d584dd3b634bc8f819b7ca,sha256:47b14faa4ac02dad37138e094d6f8a4ddaac657faa498842c780241351e8fca6,TheNewPhysics TrendsChart AvgConsumptionTime SincePublished (3),,True,False,False,False,,
resources:47b14faa4ac02dad,Satobloc/HSH_RESOURCES,resources,EXPOSURE_STATS/SAT — PODCAST STATS/TheNewPhysics_TrendsChart_AvgConsumptionTime_SincePublished.csv,metadata_or_analytics,.csv,10997,47b14faa4ac02dad37138e094d6f8a4ddaac657faa498842c780241351e8fca6,5455cc0ced04a9c8d7d584dd3b634bc8f819b7ca,sha256:47b14faa4ac02dad37138e094d6f8a4ddaac657faa498842c780241351e8fca6,TheNewPhysics TrendsChart AvgConsumptionTime SincePublished,,True,False,False,False,,
resources:a767331109c64263,Satobloc/HSH_RESOURCES,resources,EXPOSURE_STATS/SAT — PODCAST STATS/wafwsfasdcCapture.JPG,analytics_capture,.jpg,164665,a767331109c64263f8ff78bf2e044fdaae5049e72e3facdbf1d5e62d09d76860,c6ad57b2ea3f91cea0e9dee55fa82cd76c74f84b,,wafwsfasdcCapture,,True,False,False,False,,
resources:5c507a556504e524,Satobloc/HSH_RESOURCES,resources,EXPOSURE_STATS/SAT — PODCAST STATS/we4gaersfCapture.JPG,analytics_capture,.jpg,159934,5c507a556504e5241e87f4545269d093037b223252b3360e2832d5351c3f7e33,718b0630e90d503accc8ac4fb5d7df12a7998e01,,we4gaersfCapture,,True,False,False,False,,
resources:531455ce73543255,Satobloc/HSH_RESOURCES,resources,EXPOSURE_STATS/SAT — PODCAST STATS/wfaedcdefrCapture.JPG,analytics_capture,.jpg,167999,531455ce735432556d3258937c7e9d2d514d73accd61b77d556ee174e7831175,781de42fb6a599243da501aca186e8ab1ed4f5d5,,wfaedcdefrCapture,,True,False,False,False,,
hsh:f9509c2802d164d9,Satobloc/HsH,hsh,DEVELOPMENT_FULL_CONVOS/SAT_CONVOS_11/24.03.29•24.03.30•Maya & Aiden Episodes — raw.json,metadata_or_analytics,.json,228453,f9509c2802d164d9e2aa7be9952566228afea7fb504c9a6f8eedb3b65fbfe061,eb8cc9f1c55cb9328b816576ddd494ffd300d256,,24.03.29•24.03.30•Maya & Aiden Episodes — raw,,True,False,False,False,,
hsh:9290ca95e98dd5d6,Satobloc/HsH,hsh,DEVELOPMENT_FULL_CONVOS/SAT_CONVOS_11/25.02.12•25.02.12•Disrupting AI Podcast Format — raw.json,metadata_or_analytics,.json,76264,9290ca95e98dd5d643e395dbc1e3ee9fcadd73070207296ed00013e7360baa71,26783d9c5fd3be06b4021106edbab23a232f6692,,25.02.12•25.02.12•Disrupting AI Podcast Format — raw,,True,False,False,False,,
hsh:55c7befc04e3fa1f,Satobloc/HsH,hsh,DEVELOPMENT_FULL_CONVOS/SAT_CONVOS_2/25.07.01•26.06.01•Podcast Analysis Summary — raw.json,metadata_or_analytics,.json,55935,55c7befc04e3fa1f174f38b78bfe7d6244e4c48a0b981d465fea071fa5e9528b,ba226586da87cfded309a00f885f39b717d48bdb,sha256:55c7befc04e3fa1f174f38b78bfe7d6244e4c48a0b981d465fea071fa5e9528b,25.07.01•26.06.01•Podcast Analysis Summary — raw,,True,False,False,False,,
hsh:49afb1fac1c41a47,Satobloc/HsH,hsh,DEVELOPMENT_FULL_CONVOS/SAT_CONVOS_2/25.12.02•26.06.01•Podcast feedback summary — raw.json,metadata_or_analytics,.json,82785,49afb1fac1c41a47fedb0f02e3564f6cb80b07ae592f1ffc37f5cc25d12e7a72,ce45e0aa9253ef28e80f3c60699fa30dcd038158,sha256:49afb1fac1c41a47fedb0f02e3564f6cb80b07ae592f1ffc37f5cc25d12e7a72,25.12.02•26.06.01•Podcast feedback summary — raw,,True,False,False,False,,
hsh:6fd265de73ba4c44,Satobloc/HsH,hsh,DEVELOPMENT_FULL_CONVOS/SAT_CONVOS_3/26.06.05•26.06.05•Podcast Transcript Summary — raw.json,metadata_or_analytics,.json,3007208,6fd265de73ba4c44eb6565932fdba8b7920623da268b485f5549e95cf10f331b,25411ca50179cc3081960fc859f55b02b111d505,sha256:6fd265de73ba4c44eb6565932fdba8b7920623da268b485f5549e95cf10f331b,26.06.05•26.06.05•Podcast Transcript Summary — raw,,True,False,False,False,,
archive:49f5fae1d6c19c01,Satobloc/SAT_THEORY_ARCHIVE_2023-25,archive,2026/Paradigm/SAT — PODCAST STATS/Debating  Listeners .txt,analytics,.txt,3055,49f5fae1d6c19c0164ccb459190a3f12dd4c8aeb49badfd37c27f7b70f37e405,760a80e117cafdd7fb9c8debecd46dd045d84f8d,sha256:49f5fae1d6c19c0164ccb459190a3f12dd4c8aeb49badfd37c27f7b70f37e405,Debating Listeners,,True,False,False,False,,
archive:b69fe7ab0267a553,Satobloc/SAT_THEORY_ARCHIVE_2023-25,archive,2026/Paradigm/SAT — PODCAST STATS/Debating  Listeners 2.txt,analytics,.txt,62305,b69fe7ab0267a553f6e1a180b0bbb98b5dafc6ec1176e623bcc1d276f50c53a3,f87fd97b1fbec1617b8ebbd3a36d9bd28ee515cb,sha256:b69fe7ab0267a553f6e1a180b0bbb98b5dafc6ec1176e623bcc1d276f50c53a3,Debating Listeners 2,,True,False,False,False,,
archive:b69fe7ab0267a553,Satobloc/SAT_THEORY_ARCHIVE_2023-25,archive,2026/Paradigm/SAT — PODCAST STATS/Debating  LISTENERSHIP.txt,analytics,.txt,62305,b69fe7ab0267a553f6e1a180b0bbb98b5dafc6ec1176e623bcc1d276f50c53a3,f87fd97b1fbec1617b8ebbd3a36d9bd28ee515cb,sha256:b69fe7ab0267a553f6e1a180b0bbb98b5dafc6ec1176e623bcc1d276f50c53a3,Debating LISTENERSHIP,,True,False,False,False,,
archive:fbcebed5b0ac3364,Satobloc/SAT_THEORY_ARCHIVE_2023-25,archive,2026/Paradigm/SAT — PODCAST STATS/Debating AI Podcast Stats.txt,analytics,.txt,193220,fbcebed5b0ac33642d6d10255ec69871c63890046204a0abd4cbd5ba1798331d,459335f7926f47d86b7d5959a594ed43e49ceae2,sha256:fbcebed5b0ac33642d6d10255ec69871c63890046204a0abd4cbd5ba1798331d,Debating AI Podcast Stats,,True,False,False,False,,
archive:0ea704038f9f4f54,Satobloc/SAT_THEORY_ARCHIVE_2023-25,archive,2026/Paradigm/SAT — PODCAST STATS/Debating AI Stats 2.txt,analytics,.txt,197752,0ea704038f9f4f543f6ca2fa846084aab23178b2dc716e21065c310c00f04fb6,00f42f3d6912df9b0e9486921bcc32c046328daa,sha256:0ea704038f9f4f543f6ca2fa846084aab23178b2dc716e21065c310c00f04fb6,Debating AI Stats 2,,True,False,False,False,,
archive:0d6291cd7e4a3456,Satobloc/SAT_THEORY_ARCHIVE_2023-25,archive,2026/Paradigm/SAT — PODCAST STATS/Debating AI Stats.txt,analytics,.txt,197753,0d6291cd7e4a345640a57dbd20ffd93df9cf099614e133ea66fab2c1221189f9,cf8264f961c0a385ad0a4c90fa31c5b11c192b79,sha256:0d6291cd7e4a345640a57dbd20ffd93df9cf099614e133ea66fab2c1221189f9,Debating AI Stats,,True,False,False,False,,
archive:49f5fae1d6c19c01,Satobloc/SAT_THEORY_ARCHIVE_2023-25,archive,2026/SAT — PODCAST/Debating  Listeners .txt,analytics,.txt,3055,49f5fae1d6c19c0164ccb459190a3f12dd4c8aeb49badfd37c27f7b70f37e405,760a80e117cafdd7fb9c8debecd46dd045d84f8d,sha256:49f5fae1d6c19c0164ccb459190a3f12dd4c8aeb49badfd37c27f7b70f37e405,Debating Listeners,,True,False,False,False,,
archive:b69fe7ab0267a553,Satobloc/SAT_THEORY_ARCHIVE_2023-25,archive,2026/SAT — PODCAST/Debating  Listeners 2.txt,analytics,.txt,62305,b69fe7ab0267a553f6e1a180b0bbb98b5dafc6ec1176e623bcc1d276f50c53a3,f87fd97b1fbec1617b8ebbd3a36d9bd28ee515cb,sha256:b69fe7ab0267a553f6e1a180b0bbb98b5dafc6ec1176e623bcc1d276f50c53a3,Debating Listeners 2,,True,False,False,False,,
archive:b69fe7ab0267a553,Satobloc/SAT_THEORY_ARCHIVE_2023-25,archive,2026/SAT — PODCAST/Debating  LISTENERSHIP.txt,analytics,.txt,62305,b69fe7ab0267a553f6e1a180b0bbb98b5dafc6ec1176e623bcc1d276f50c53a3,f87fd97b1fbec1617b8ebbd3a36d9bd28ee515cb,sha256:b69fe7ab0267a553f6e1a180b0bbb98b5dafc6ec1176e623bcc1d276f50c53a3,Debating LISTENERSHIP,,True,False,False,False,,
archive:fbcebed5b0ac3364,Satobloc/SAT_THEORY_ARCHIVE_2023-25,archive,2026/SAT — PODCAST/Debating AI Podcast Stats.txt,analytics,.txt,193220,fbcebed5b0ac33642d6d10255ec69871c63890046204a0abd4cbd5ba1798331d,459335f7926f47d86b7d5959a594ed43e49ceae2,sha256:fbcebed5b0ac33642d6d10255ec69871c63890046204a0abd4cbd5ba1798331d,Debating AI Podcast Stats,,True,False,False,False,,
archive:0ea704038f9f4f54,Satobloc/SAT_THEORY_ARCHIVE_2023-25,archive,2026/SAT — PODCAST/Debating AI Stats 2.txt,analytics,.txt,197752,0ea704038f9f4f543f6ca2fa846084aab23178b2dc716e21065c310c00f04fb6,00f42f3d6912df9b0e9486921bcc32c046328daa,sha256:0ea704038f9f4f543f6ca2fa846084aab23178b2dc716e21065c310c00f04fb6,Debating AI Stats 2,,True,False,False,False,,
archive:0d6291cd7e4a3456,Satobloc/SAT_THEORY_ARCHIVE_2023-25,archive,2026/SAT — PODCAST/Debating AI Stats.txt,analytics,.txt,197753,0d6291cd7e4a345640a57dbd20ffd93df9cf099614e133ea66fab2c1221189f9,cf8264f961c0a385ad0a4c90fa31c5b11c192b79,sha256:0d6291cd7e4a345640a57dbd20ffd93df9cf099614e133ea66fab2c1221189f9,Debating AI Stats,,True,False,False,False,,
archive:a5d0705454fe1aee,Satobloc/SAT_THEORY_ARCHIVE_2023-25,archive,[[SAT PARADIGM]]/SAT PODCAST — DEBATING AI BIG STATS.txt,analytics,.txt,30431,a5d0705454fe1aee0b9482e0e5db9011d9eb297a38704ccde8b6cb4377ba3eee,b8ae90c7db5682137bc2950f4e0f40392ca00db3,sha256:a5d0705454fe1aee0b9482e0e5db9011d9eb297a38704ccde8b6cb4377ba3eee,SAT PODCAST — DEBATING AI BIG STATS,,True,False,False,False,,
archive:f24fdd5bf5241f01,Satobloc/SAT_THEORY_ARCHIVE_2023-25,archive,__SAT_Public_Record_Transcripts/DebatingA.I.OnScience_EpisodeRankings_all-time.csv,analytics,.csv,24858,f24fdd5bf5241f01900f0dbc64ec3970bf6bf495a8ea63870f301032473d608c,d50033462305d803a8e27f76b8f03f210d87fb52,sha256:f24fdd5bf5241f01900f0dbc64ec3970bf6bf495a8ea63870f301032473d608c,OnScience EpisodeRankings all-time,,True,False,False,False,,
archive:09dc305d056f2d41,Satobloc/SAT_THEORY_ARCHIVE_2023-25,archive,DEBATING A.I. ANALYTICS/2Analytics - Debating A.I. On the Future of Physics _ Spotify for Creators.pdf,analytics,.pdf,147798,09dc305d056f2d4185e0155e72700350ead8554fded860381647d6ae1b98c2a5,e4aacf76095d6d470412049cf7da4a83ca9e51de,sha256:09dc305d056f2d4185e0155e72700350ead8554fded860381647d6ae1b98c2a5,2Analytics - Debating A.I. On the Future of Physics Spotify for Creators,,True,False,False,False,,
archive:7d0b2c5d6efa9eb5,Satobloc/SAT_THEORY_ARCHIVE_2023-25,archive,DEBATING A.I. ANALYTICS/3Analytics - Debating A.I. On the Future of Physics _ Spotify for Creators.pdf,analytics,.pdf,147374,7d0b2c5d6efa9eb546efabbf35b751f4e13ebb50b1f7af10f0a1d61eeca7a297,4012034ac8efdef6fddf1a81ac304f90ca24b5fe,sha256:7d0b2c5d6efa9eb546efabbf35b751f4e13ebb50b1f7af10f0a1d61eeca7a297,3Analytics - Debating A.I. On the Future of Physics Spotify for Creators,,True,False,False,False,,
archive:6183df2d3eebf632,Satobloc/SAT_THEORY_ARCHIVE_2023-25,archive,DEBATING A.I. ANALYTICS/4Analytics - Debating A.I. On the Future of Physics _ Spotify for Creators.pdf,analytics,.pdf,147092,6183df2d3eebf632c129de438c82da667e9be801560e3d7bb91db80d81cb8d6c,4a0ea2b411c5956bf8d3ae4b2221dbd871fc0621,sha256:6183df2d3eebf632c129de438c82da667e9be801560e3d7bb91db80d81cb8d6c,4Analytics - Debating A.I. On the Future of Physics Spotify for Creators,,True,False,False,False,,
archive:ef9c5ac76694cc5e,Satobloc/SAT_THEORY_ARCHIVE_2023-25,archive,DEBATING A.I. ANALYTICS/5Analytics - Debating A.I. On the Future of Physics _ Spotify for Creators.pdf,analytics,.pdf,148149,ef9c5ac76694cc5eca8cf75d6af3a8d8b8dbe66b145443979317053a5c97ceb0,c439598b52d5538d3d0a19d8cc2d6ff2825e7c34,sha256:ef9c5ac76694cc5eca8cf75d6af3a8d8b8dbe66b145443979317053a5c97ceb0,5Analytics - Debating A.I. On the Future of Physics Spotify for Creators,,True,False,False,False,,
archive:6a635a668ea873d9,Satobloc/SAT_THEORY_ARCHIVE_2023-25,archive,DEBATING A.I. ANALYTICS/6Analytics - Debating A.I. On the Future of Physics _ Spotify for Creators.pdf,analytics,.pdf,145202,6a635a668ea873d976af3f66860eb31bf057c5d8ae597ce8291cb882da8f2d00,342efa39d02c56749f290ce0d1c12850ad75e2b3,sha256:6a635a668ea873d976af3f66860eb31bf057c5d8ae597ce8291cb882da8f2d00,6Analytics - Debating A.I. On the Future of Physics Spotify for Creators,,True,False,False,False,,
archive:35306807dc7e2fc5,Satobloc/SAT_THEORY_ARCHIVE_2023-25,archive,DEBATING A.I. ANALYTICS/7Analytics - Debating A.I. On the Future of Physics _ Spotify for Creators.pdf,analytics,.pdf,141392,35306807dc7e2fc5399c65932fc513e52a224805f9e0c90a53f62977fe307a9a,45290cd4cd273734c2133d04e5782b9346f0b8d1,sha256:35306807dc7e2fc5399c65932fc513e52a224805f9e0c90a53f62977fe307a9a,7Analytics - Debating A.I. On the Future of Physics Spotify for Creators,,True,False,False,False,,
archive:e4659b54ce7fe7a2,Satobloc/SAT_THEORY_ARCHIVE_2023-25,archive,DEBATING A.I. ANALYTICS/Analytics - Debating A.I. On the Future of Physics _ Spotify for Creators.pdf,analytics,.pdf,177487,e4659b54ce7fe7a20e369183b69cf291e485bf72efc145215f2598031451ec61,a1e489e9fc9594ef514a52d9590c8b616b7cbe58,sha256:e4659b54ce7fe7a20e369183b69cf291e485bf72efc145215f2598031451ec61,Analytics - Debating A.I. On the Future of Physics Spotify for Creators,,True,False,False,False,,
archive:66736f8e59aa4d76,Satobloc/SAT_THEORY_ARCHIVE_2023-25,archive,DEBATING AI PODCAST TRANSCRIPTS/8DebatingA.I.OntheFutureofPhysics_GeoLocationAllPlatforms_all-time.csv,analytics,.csv,432,66736f8e59aa4d763dbefcc93797bbf02b053204acaf5f2399496f77b9fb73e4,0d47115e02ff782afc790c5eede3266e3c3edc94,sha256:66736f8e59aa4d763dbefcc93797bbf02b053204acaf5f2399496f77b9fb73e4,8DebatingA.I.OntheFutureofPhysics GeoLocationAllPlatforms all-time,,True,False,False,False,,
archive:09a9d2e21c0360a8,Satobloc/SAT_THEORY_ARCHIVE_2023-25,archive,DEBATING AI PODCAST TRANSCRIPTS/DebatingA.I.OntheFutureofPhysics_AgeByGender_all-time.csv,metadata_or_analytics,.csv,608,09a9d2e21c0360a8cbb06afd5e812a098b479600ddd585a0800be09ef5a390b0,b3666f636b2baf21de95eb2b54003563c5fbc52a,sha256:09a9d2e21c0360a8cbb06afd5e812a098b479600ddd585a0800be09ef5a390b0,OntheFutureofPhysics AgeByGender all-time,,True,False,False,False,,
archive:ce8a12a3cf27e051,Satobloc/SAT_THEORY_ARCHIVE_2023-25,archive,DEBATING AI PODCAST TRANSCRIPTS/DebatingA.I.OntheFutureofPhysics_AudienceSegments_1-1-2025--6-15-2026.csv,analytics,.csv,4293,ce8a12a3cf27e0512ee84340b63d318f49ab07e1a11d2971ee315418dd95b806,a4c09324c7fc69ef2a862aa8c3d771bd267e63c0,sha256:ce8a12a3cf27e0512ee84340b63d318f49ab07e1a11d2971ee315418dd95b806,OntheFutureofPhysics AudienceSegments 1-1-2025--6-15-2026,,True,False,False,False,,
archive:f4d05006bf66385d,Satobloc/SAT_THEORY_ARCHIVE_2023-25,archive,DEBATING AI PODCAST TRANSCRIPTS/DebatingA.I.OntheFutureofPhysics_DailyImpressions_3-17-2026--6-14-2026 (1).csv,metadata_or_analytics,.csv,1218,f4d05006bf66385da8af5a271e7571781a19dcccac6c32d45a47cb15f5390a38,b4f95d0204632e3aa7a250da6edec5f2222a7fdc,sha256:f4d05006bf66385da8af5a271e7571781a19dcccac6c32d45a47cb15f5390a38,OntheFutureofPhysics DailyImpressions 3-17-2026--6-14-2026 (1),,True,False,False,False,,
archive:f4d05006bf66385d,Satobloc/SAT_THEORY_ARCHIVE_2023-25,archive,DEBATING AI PODCAST TRANSCRIPTS/DebatingA.I.OntheFutureofPhysics_DailyImpressions_3-17-2026--6-14-2026.csv,metadata_or_analytics,.csv,1218,f4d05006bf66385da8af5a271e7571781a19dcccac6c32d45a47cb15f5390a38,b4f95d0204632e3aa7a250da6edec5f2222a7fdc,sha256:f4d05006bf66385da8af5a271e7571781a19dcccac6c32d45a47cb15f5390a38,OntheFutureofPhysics DailyImpressions 3-17-2026--6-14-2026,,True,False,False,False,,
archive:514e24ff641ba0ed,Satobloc/SAT_THEORY_ARCHIVE_2023-25,archive,DEBATING AI PODCAST TRANSCRIPTS/DebatingA.I.OntheFutureofPhysics_Engagement_all-time (1).csv,metadata_or_analytics,.csv,11191,514e24ff641ba0eda717b43317e21e8f3368efc7d8fded755e744b5b956fcc4c,fec94fa38dbcc8f45da856d43ea5ec37795c1a65,sha256:514e24ff641ba0eda717b43317e21e8f3368efc7d8fded755e744b5b956fcc4c,OntheFutureofPhysics Engagement all-time (1),,True,False,False,False,,
archive:514e24ff641ba0ed,Satobloc/SAT_THEORY_ARCHIVE_2023-25,archive,DEBATING AI PODCAST TRANSCRIPTS/DebatingA.I.OntheFutureofPhysics_Engagement_all-time (2).csv,metadata_or_analytics,.csv,11191,514e24ff641ba0eda717b43317e21e8f3368efc7d8fded755e744b5b956fcc4c,fec94fa38dbcc8f45da856d43ea5ec37795c1a65,sha256:514e24ff641ba0eda717b43317e21e8f3368efc7d8fded755e744b5b956fcc4c,OntheFutureofPhysics Engagement all-time (2),,True,False,False,False,,
archive:514e24ff641ba0ed,Satobloc/SAT_THEORY_ARCHIVE_2023-25,archive,DEBATING AI PODCAST TRANSCRIPTS/DebatingA.I.OntheFutureofPhysics_Engagement_all-time (3).csv,metadata_or_analytics,.csv,11191,514e24ff641ba0eda717b43317e21e8f3368efc7d8fded755e744b5b956fcc4c,fec94fa38dbcc8f45da856d43ea5ec37795c1a65,sha256:514e24ff641ba0eda717b43317e21e8f3368efc7d8fded755e744b5b956fcc4c,OntheFutureofPhysics Engagement all-time (3),,True,False,False,False,,
archive:514e24ff641ba0ed,Satobloc/SAT_THEORY_ARCHIVE_2023-25,archive,DEBATING AI PODCAST TRANSCRIPTS/DebatingA.I.OntheFutureofPhysics_Engagement_all-time (4).csv,metadata_or_analytics,.csv,11191,514e24ff641ba0eda717b43317e21e8f3368efc7d8fded755e744b5b956fcc4c,fec94fa38dbcc8f45da856d43ea5ec37795c1a65,sha256:514e24ff641ba0eda717b43317e21e8f3368efc7d8fded755e744b5b956fcc4c,OntheFutureofPhysics Engagement all-time (4),,True,False,False,False,,
archive:514e24ff641ba0ed,Satobloc/SAT_THEORY_ARCHIVE_2023-25,archive,DEBATING AI PODCAST TRANSCRIPTS/DebatingA.I.OntheFutureofPhysics_Engagement_all-time.csv,metadata_or_analytics,.csv,11191,514e24ff641ba0eda717b43317e21e8f3368efc7d8fded755e744b5b956fcc4c,fec94fa38dbcc8f45da856d43ea5ec37795c1a65,sha256:514e24ff641ba0eda717b43317e21e8f3368efc7d8fded755e744b5b956fcc4c,OntheFutureofPhysics Engagement all-time,,True,False,False,False,,
archive:113a41dbb5ae086d,Satobloc/SAT_THEORY_ARCHIVE_2023-25,archive,DEBATING AI PODCAST TRANSCRIPTS/DebatingA.I.OntheFutureofPhysics_EpisodeCompletionRates.csv,metadata_or_analytics,.csv,797,113a41dbb5ae086da0436f530726278c592e4021fb730e00a0da0f0746b25643,d64a379b9a05093e55d62e00e96850f28e8c7d18,sha256:113a41dbb5ae086da0436f530726278c592e4021fb730e00a0da0f0746b25643,OntheFutureofPhysics EpisodeCompletionRates,,True,False,False,False,,
archive:92514011e974d2df,Satobloc/SAT_THEORY_ARCHIVE_2023-25,archive,DEBATING AI PODCAST TRANSCRIPTS/DebatingA.I.OntheFutureofPhysics_Gender_all-time.csv,metadata_or_analytics,.csv,118,92514011e974d2dfff845f78961e23b905a39216ef0d3e73537fc0aa5cbc4ace,f442b6e795b8c2318cd0df724ebc0924712ae6b3,sha256:92514011e974d2dfff845f78961e23b905a39216ef0d3e73537fc0aa5cbc4ace,OntheFutureofPhysics Gender all-time,,True,False,False,False,,
archive:2b80b2428ec70125,Satobloc/SAT_THEORY_ARCHIVE_2023-25,archive,DEBATING AI PODCAST TRANSCRIPTS/DebatingA.I.OntheFutureofPhysics_GeoLocationAllPlatforms_all-time (1).csv,analytics,.csv,348,2b80b2428ec701256374990886ee9fccac85de85b37afc5bbaec56df8d903129,50dc721394fecfe1eab387248f592f175dd27e7d,sha256:2b80b2428ec701256374990886ee9fccac85de85b37afc5bbaec56df8d903129,OntheFutureofPhysics GeoLocationAllPlatforms all-time (1),,True,False,False,False,,
archive:ffbdf650a8e6892a,Satobloc/SAT_THEORY_ARCHIVE_2023-25,archive,DEBATING AI PODCAST TRANSCRIPTS/DebatingA.I.OntheFutureofPhysics_GeoLocationAllPlatforms_all-time.csv,analytics,.csv,865,ffbdf650a8e6892a082e2eccba86e2b359ace8381177d8604ec5187dafe59b4d,d8892d2f8616e3f04b69614882ca1bb47fa740c9,sha256:ffbdf650a8e6892a082e2eccba86e2b359ace8381177d8604ec5187dafe59b4d,OntheFutureofPhysics GeoLocationAllPlatforms all-time,,True,False,False,False,,
archive:0cc0fae313cfc077,Satobloc/SAT_THEORY_ARCHIVE_2023-25,archive,DEBATING AI PODCAST TRANSCRIPTS/DebatingA.I.OntheFutureofPhysics_TopEpisodesByConsumptionTime_all-time (1).csv,metadata_or_analytics,.csv,909,0cc0fae313cfc0772b60a8f4abd1c97fbb757caf60d62e2de640c40e811a1b03,a35c64ced1a596181983660cf1eeb5be7028cff8,sha256:0cc0fae313cfc0772b60a8f4abd1c97fbb757caf60d62e2de640c40e811a1b03,OntheFutureofPhysics TopEpisodesByConsumptionTime all-time (1),,True,False,False,False,,
archive:0cc0fae313cfc077,Satobloc/SAT_THEORY_ARCHIVE_2023-25,archive,DEBATING AI PODCAST TRANSCRIPTS/DebatingA.I.OntheFutureofPhysics_TopEpisodesByConsumptionTime_all-time.csv,metadata_or_analytics,.csv,909,0cc0fae313cfc0772b60a8f4abd1c97fbb757caf60d62e2de640c40e811a1b03,a35c64ced1a596181983660cf1eeb5be7028cff8,sha256:0cc0fae313cfc0772b60a8f4abd1c97fbb757caf60d62e2de640c40e811a1b03,OntheFutureofPhysics TopEpisodesByConsumptionTime all-time,,True,False,False,False,,
archive:82181a5ba3ce46b1,Satobloc/SAT_THEORY_ARCHIVE_2023-25,archive,DEBATING AI PODCAST TRANSCRIPTS/DebatingA.I.OntheFutureofPhysics_TopEpisodesByImpressions_3-17-2026--6-14-2026 (1).csv,metadata_or_analytics,.csv,983,82181a5ba3ce46b16728d077a90e7beaadf240a8efbd34ad48af54440680f59a,3c7c8b66f7bfb243cf91387b2cb7084bc970f7c0,sha256:82181a5ba3ce46b16728d077a90e7beaadf240a8efbd34ad48af54440680f59a,OntheFutureofPhysics TopEpisodesByImpressions 3-17-2026--6-14-2026 (1),,True,False,False,False,,
archive:82181a5ba3ce46b1,Satobloc/SAT_THEORY_ARCHIVE_2023-25,archive,DEBATING AI PODCAST TRANSCRIPTS/DebatingA.I.OntheFutureofPhysics_TopEpisodesByImpressions_3-17-2026--6-14-2026.csv,metadata_or_analytics,.csv,983,82181a5ba3ce46b16728d077a90e7beaadf240a8efbd34ad48af54440680f59a,3c7c8b66f7bfb243cf91387b2cb7084bc970f7c0,sha256:82181a5ba3ce46b16728d077a90e7beaadf240a8efbd34ad48af54440680f59a,OntheFutureofPhysics TopEpisodesByImpressions 3-17-2026--6-14-2026,,True,False,False,False,,
archive:77503f187b153069,Satobloc/SAT_THEORY_ARCHIVE_2023-25,archive,DEBATING AI PODCAST TRANSCRIPTS/DebatingA.I.OntheFutureofPhysics_TrendsChart_PlaysAndDownloads_First7Days (1).csv,metadata_or_analytics,.csv,13060,77503f187b1530697d648402f8162a28d235052c5496d07171d00aa3798fcf65,02e17e4cbd23a21a335f53c74256d7e0cd4570f6,sha256:77503f187b1530697d648402f8162a28d235052c5496d07171d00aa3798fcf65,OntheFutureofPhysics TrendsChart PlaysAndDownloads First7Days (1),,True,False,False,False,,
archive:42ab243dcce4ecf9,Satobloc/SAT_THEORY_ARCHIVE_2023-25,archive,DEBATING AI PODCAST TRANSCRIPTS/DebatingA.I.OntheFutureofPhysics_TrendsChart_PlaysAndDownloads_First7Days (10).csv,metadata_or_analytics,.csv,13060,42ab243dcce4ecf92215f81aa62f2102a1159b1572ce5a2c5a947b45780e887d,9178964c944604ca7899e647c0222a6c63c2fc24,sha256:42ab243dcce4ecf92215f81aa62f2102a1159b1572ce5a2c5a947b45780e887d,OntheFutureofPhysics TrendsChart PlaysAndDownloads First7Days (10),,True,False,False,False,,
archive:77503f187b153069,Satobloc/SAT_THEORY_ARCHIVE_2023-25,archive,DEBATING AI PODCAST TRANSCRIPTS/DebatingA.I.OntheFutureofPhysics_TrendsChart_PlaysAndDownloads_First7Days (2).csv,metadata_or_analytics,.csv,13060,77503f187b1530697d648402f8162a28d235052c5496d07171d00aa3798fcf65,02e17e4cbd23a21a335f53c74256d7e0cd4570f6,sha256:77503f187b1530697d648402f8162a28d235052c5496d07171d00aa3798fcf65,OntheFutureofPhysics TrendsChart PlaysAndDownloads First7Days (2),,True,False,False,False,,
archive:a1db4863418e8826,Satobloc/SAT_THEORY_ARCHIVE_2023-25,archive,DEBATING AI PODCAST TRANSCRIPTS/DebatingA.I.OntheFutureofPhysics_TrendsChart_PlaysAndDownloads_First7Days (3).csv,metadata_or_analytics,.csv,13060,a1db4863418e8826dd91a6f39a07d52b54646743cae70a99673274c99f038276,5822f6c4a0de1aad07233f9e8c5c0286590a3572,sha256:a1db4863418e8826dd91a6f39a07d52b54646743cae70a99673274c99f038276,OntheFutureofPhysics TrendsChart PlaysAndDownloads First7Days (3),,True,False,False,False,,
archive:f11f871f4aa948fe,Satobloc/SAT_THEORY_ARCHIVE_2023-25,archive,DEBATING AI PODCAST TRANSCRIPTS/DebatingA.I.OntheFutureofPhysics_TrendsChart_PlaysAndDownloads_First7Days (4).csv,metadata_or_analytics,.csv,13060,f11f871f4aa948feade1a904b13e92097e58906e00965d32c764a539ffc6c640,a6f99aa38bbbbf4e492f697c8d2ec196c87aa331,sha256:f11f871f4aa948feade1a904b13e92097e58906e00965d32c764a539ffc6c640,OntheFutureofPhysics TrendsChart PlaysAndDownloads First7Days (4),,True,False,False,False,,
archive:75abda0396494af7,Satobloc/SAT_THEORY_ARCHIVE_2023-25,archive,DEBATING AI PODCAST TRANSCRIPTS/DebatingA.I.OntheFutureofPhysics_TrendsChart_PlaysAndDownloads_First7Days (5).csv,metadata_or_analytics,.csv,13060,75abda0396494af785d88d996fcad58b6cba9063ff23a1d9a988513459229999,b35f7557ca60c1d10a5cbdf39ffa1bf4a1f99b98,sha256:75abda0396494af785d88d996fcad58b6cba9063ff23a1d9a988513459229999,OntheFutureofPhysics TrendsChart PlaysAndDownloads First7Days (5),,True,False,False,False,,
archive:75abda0396494af7,Satobloc/SAT_THEORY_ARCHIVE_2023-25,archive,DEBATING AI PODCAST TRANSCRIPTS/DebatingA.I.OntheFutureofPhysics_TrendsChart_PlaysAndDownloads_First7Days (6).csv,metadata_or_analytics,.csv,13060,75abda0396494af785d88d996fcad58b6cba9063ff23a1d9a988513459229999,b35f7557ca60c1d10a5cbdf39ffa1bf4a1f99b98,sha256:75abda0396494af785d88d996fcad58b6cba9063ff23a1d9a988513459229999,OntheFutureofPhysics TrendsChart PlaysAndDownloads First7Days (6),,True,False,False,False,,
archive:75abda0396494af7,Satobloc/SAT_THEORY_ARCHIVE_2023-25,archive,DEBATING AI PODCAST TRANSCRIPTS/DebatingA.I.OntheFutureofPhysics_TrendsChart_PlaysAndDownloads_First7Days (7).csv,metadata_or_analytics,.csv,13060,75abda0396494af785d88d996fcad58b6cba9063ff23a1d9a988513459229999,b35f7557ca60c1d10a5cbdf39ffa1bf4a1f99b98,sha256:75abda0396494af785d88d996fcad58b6cba9063ff23a1d9a988513459229999,OntheFutureofPhysics TrendsChart PlaysAndDownloads First7Days (7),,True,False,False,False,,
archive:75abda0396494af7,Satobloc/SAT_THEORY_ARCHIVE_2023-25,archive,DEBATING AI PODCAST TRANSCRIPTS/DebatingA.I.OntheFutureofPhysics_TrendsChart_PlaysAndDownloads_First7Days (8).csv,metadata_or_analytics,.csv,13060,75abda0396494af785d88d996fcad58b6cba9063ff23a1d9a988513459229999,b35f7557ca60c1d10a5cbdf39ffa1bf4a1f99b98,sha256:75abda0396494af785d88d996fcad58b6cba9063ff23a1d9a988513459229999,OntheFutureofPhysics TrendsChart PlaysAndDownloads First7Days (8),,True,False,False,False,,
archive:42ab243dcce4ecf9,Satobloc/SAT_THEORY_ARCHIVE_2023-25,archive,DEBATING AI PODCAST TRANSCRIPTS/DebatingA.I.OntheFutureofPhysics_TrendsChart_PlaysAndDownloads_First7Days (9).csv,metadata_or_analytics,.csv,13060,42ab243dcce4ecf92215f81aa62f2102a1159b1572ce5a2c5a947b45780e887d,9178964c944604ca7899e647c0222a6c63c2fc24,sha256:42ab243dcce4ecf92215f81aa62f2102a1159b1572ce5a2c5a947b45780e887d,OntheFutureofPhysics TrendsChart PlaysAndDownloads First7Days (9),,True,False,False,False,,
archive:77503f187b153069,Satobloc/SAT_THEORY_ARCHIVE_2023-25,archive,DEBATING AI PODCAST TRANSCRIPTS/DebatingA.I.OntheFutureofPhysics_TrendsChart_PlaysAndDownloads_First7Days.csv,metadata_or_analytics,.csv,13060,77503f187b1530697d648402f8162a28d235052c5496d07171d00aa3798fcf65,02e17e4cbd23a21a335f53c74256d7e0cd4570f6,sha256:77503f187b1530697d648402f8162a28d235052c5496d07171d00aa3798fcf65,OntheFutureofPhysics TrendsChart PlaysAndDownloads First7Days,,True,False,False,False,,
archive:37bc7d2921bad508,Satobloc/SAT_THEORY_ARCHIVE_2023-25,archive,DEBATING AI PODCAST TRANSCRIPTS/DebatingA.I.OntheFutureofPhysics_WeekOverWeekRetention_1-1-2026--6-16-2026 (1).csv,metadata_or_analytics,.csv,396,37bc7d2921bad508feb7fdd04b7faa9e19d5a60257f49b534eceef1c2ccbf221,423a1a9b7525038b4546fe7ddd61b44dde24be32,sha256:37bc7d2921bad508feb7fdd04b7faa9e19d5a60257f49b534eceef1c2ccbf221,OntheFutureofPhysics WeekOverWeekRetention 1-1-2026--6-16-2026 (1),,True,False,False,False,,
archive:37bc7d2921bad508,Satobloc/SAT_THEORY_ARCHIVE_2023-25,archive,DEBATING AI PODCAST TRANSCRIPTS/DebatingA.I.OntheFutureofPhysics_WeekOverWeekRetention_1-1-2026--6-16-2026.csv,metadata_or_analytics,.csv,396,37bc7d2921bad508feb7fdd04b7faa9e19d5a60257f49b534eceef1c2ccbf221,423a1a9b7525038b4546fe7ddd61b44dde24be32,sha256:37bc7d2921bad508feb7fdd04b7faa9e19d5a60257f49b534eceef1c2ccbf221,OntheFutureofPhysics WeekOverWeekRetention 1-1-2026--6-16-2026,,True,False,False,False,,
archive:b0a888c52021d9bc,Satobloc/SAT_THEORY_ARCHIVE_2023-25,archive,DEBATING AI PODCAST TRANSCRIPTS/DebatingA.I.OntheFutureofPhysics_WeekOverWeekRetention_3-19-2026--6-16-2026.csv,metadata_or_analytics,.csv,221,b0a888c52021d9bcad08d9c1cd83fce9c6664e47f02d56ae07e1fbc0b65bc762,765612b5ed3413930e799d17f39cd0f63d864618,sha256:b0a888c52021d9bcad08d9c1cd83fce9c6664e47f02d56ae07e1fbc0b65bc762,OntheFutureofPhysics WeekOverWeekRetention 3-19-2026--6-16-2026,,True,False,False,False,,
archive:c394eb65bcf564fe,Satobloc/SAT_THEORY_ARCHIVE_2023-25,archive,DEBATING AI PODCAST/DebatingA.I.OntheFutureofPhysics_The4-DimensionalStructureofThoughtSATFilamentTheory_EngagementStats_since-published.csv,analytics,.csv,9019,c394eb65bcf564fe28602ce72d0ea7ce53bc24aad0d03a396bf20586bf2aa5a0,9fc3d9a2944ee31d4d3a7e7cef2bbce423661b9b,sha256:c394eb65bcf564fe28602ce72d0ea7ce53bc24aad0d03a396bf20586bf2aa5a0,OntheFutureofPhysics The4-DimensionalStructureofThoughtSATFilamentTheory EngagementStats since-published,,True,False,False,False,,
archive:215032f0718795e6,Satobloc/SAT_THEORY_ARCHIVE_2023-25,archive,DEBATING AI PODCAST/DebatingA.I.OntheFutureofPhysics_TrendsChart_PlaysAndDownloads_First7Days.csv,metadata_or_analytics,.csv,13204,215032f0718795e64f20dc32078a83d4f5e9cba978076629aae2f8b81e234998,5778ceb92759020ca9b62b4206b94fdbd99f0082,sha256:215032f0718795e64f20dc32078a83d4f5e9cba978076629aae2f8b81e234998,OntheFutureofPhysics TrendsChart PlaysAndDownloads First7Days,,True,False,False,False,,
archive:42a1591f08e0af61,Satobloc/SAT_THEORY_ARCHIVE_2023-25,archive,DEBATING AI PODCAST/SAT DAI - Podlodrev.txt,analytics,.txt,13445,42a1591f08e0af61704d53104e6d077daecaf32b86f543c332b8342889e8ddc0,937bc537221ce75dda205ba521b186a10bcf5ceb,sha256:42a1591f08e0af61704d53104e6d077daecaf32b86f543c332b8342889e8ddc0,SAT DAI - Podlodrev,,True,False,False,False,,
archive:fbcebed5b0ac3364,Satobloc/SAT_THEORY_ARCHIVE_2023-25,archive,DEBATING AI PODCAST/SAT DAI - Podstats_25may26.txt,analytics,.txt,193220,fbcebed5b0ac33642d6d10255ec69871c63890046204a0abd4cbd5ba1798331d,459335f7926f47d86b7d5959a594ed43e49ceae2,sha256:fbcebed5b0ac33642d6d10255ec69871c63890046204a0abd4cbd5ba1798331d,SAT DAI - Podstats 25may26,,True,False,False,False,,
archive:0ea704038f9f4f54,Satobloc/SAT_THEORY_ARCHIVE_2023-25,archive,DEBATING AI PODCAST/SAT DAI — STATS Posters.txt,analytics,.txt,197752,0ea704038f9f4f543f6ca2fa846084aab23178b2dc716e21065c310c00f04fb6,00f42f3d6912df9b0e9486921bcc32c046328daa,sha256:0ea704038f9f4f543f6ca2fa846084aab23178b2dc716e21065c310c00f04fb6,SAT DAI — STATS Posters,,True,False,False,False,,
archive:0d6291cd7e4a3456,Satobloc/SAT_THEORY_ARCHIVE_2023-25,archive,DEBATING AI PODCAST/SAT DAI — stats STAT_chunked.txt,analytics,.txt,197753,0d6291cd7e4a345640a57dbd20ffd93df9cf099614e133ea66fab2c1221189f9,cf8264f961c0a385ad0a4c90fa31c5b11c192b79,sha256:0d6291cd7e4a345640a57dbd20ffd93df9cf099614e133ea66fab2c1221189f9,SAT DAI — stats STAT chunked,,True,False,False,False,,
archive:c394eb65bcf564fe,Satobloc/SAT_THEORY_ARCHIVE_2023-25,archive,DEBATING AI TRANSCRIPTS CONT/DebatingA.I.OntheFutureofPhysics_The4-DimensionalStructureofThoughtSATFilamentTheory_EngagementStats_since-published.csv,analytics,.csv,9019,c394eb65bcf564fe28602ce72d0ea7ce53bc24aad0d03a396bf20586bf2aa5a0,9fc3d9a2944ee31d4d3a7e7cef2bbce423661b9b,sha256:c394eb65bcf564fe28602ce72d0ea7ce53bc24aad0d03a396bf20586bf2aa5a0,OntheFutureofPhysics The4-DimensionalStructureofThoughtSATFilamentTheory EngagementStats since-published,,True,False,False,False,,
archive:215032f0718795e6,Satobloc/SAT_THEORY_ARCHIVE_2023-25,archive,DEBATING AI TRANSCRIPTS CONT/DebatingA.I.OntheFutureofPhysics_TrendsChart_PlaysAndDownloads_First7Days.csv,metadata_or_analytics,.csv,13204,215032f0718795e64f20dc32078a83d4f5e9cba978076629aae2f8b81e234998,5778ceb92759020ca9b62b4206b94fdbd99f0082,sha256:215032f0718795e64f20dc32078a83d4f5e9cba978076629aae2f8b81e234998,OntheFutureofPhysics TrendsChart PlaysAndDownloads First7Days,,True,False,False,False,,
archive:b2e5b1d3a05ad822,Satobloc/SAT_THEORY_ARCHIVE_2023-25,archive,DEV CONVERSATION/Cleaned_Podcast_Episode_List.csv,metadata_or_analytics,.csv,19982,b2e5b1d3a05ad822c4315be7720fd52a0b9d90ba16d8d743182da90342815144,ad42afa93bb79219abcb3fcbdc0f9e83fbf32c44,,Cleaned Podcast Episode List,,True,False,False,False,,
archive:55c7befc04e3fa1f,Satobloc/SAT_THEORY_ARCHIVE_2023-25,archive,Podcast Analysis Summary — raw.json,metadata_or_analytics,.json,55935,55c7befc04e3fa1f174f38b78bfe7d6244e4c48a0b981d465fea071fa5e9528b,ba226586da87cfded309a00f885f39b717d48bdb,sha256:55c7befc04e3fa1f174f38b78bfe7d6244e4c48a0b981d465fea071fa5e9528b,Analysis Summary — raw,,True,False,False,False,,
archive:49afb1fac1c41a47,Satobloc/SAT_THEORY_ARCHIVE_2023-25,archive,Podcast feedback summary — raw.json,metadata_or_analytics,.json,82785,49afb1fac1c41a47fedb0f02e3564f6cb80b07ae592f1ffc37f5cc25d12e7a72,ce45e0aa9253ef28e80f3c60699fa30dcd038158,sha256:49afb1fac1c41a47fedb0f02e3564f6cb80b07ae592f1ffc37f5cc25d12e7a72,feedback summary — raw,,True,False,False,False,,
archive:6fd265de73ba4c44,Satobloc/SAT_THEORY_ARCHIVE_2023-25,archive,Podcast Transcript Summary — raw.json,metadata_or_analytics,.json,3007208,6fd265de73ba4c44eb6565932fdba8b7920623da268b485f5549e95cf10f331b,25411ca50179cc3081960fc859f55b02b111d505,sha256:6fd265de73ba4c44eb6565932fdba8b7920623da268b485f5549e95cf10f331b,Transcript Summary — raw,,True,False,False,False,,
archive:49f5fae1d6c19c01,Satobloc/SAT_THEORY_ARCHIVE_2023-25,archive,SAT PODCAST STATS/PODCAST - Listeners .txt,analytics,.txt,3055,49f5fae1d6c19c0164ccb459190a3f12dd4c8aeb49badfd37c27f7b70f37e405,760a80e117cafdd7fb9c8debecd46dd045d84f8d,sha256:49f5fae1d6c19c0164ccb459190a3f12dd4c8aeb49badfd37c27f7b70f37e405,Listeners,,True,False,False,False,,
archive:b69fe7ab0267a553,Satobloc/SAT_THEORY_ARCHIVE_2023-25,archive,SAT PODCAST STATS/PODCAST - Listeners 2.txt,analytics,.txt,62305,b69fe7ab0267a553f6e1a180b0bbb98b5dafc6ec1176e623bcc1d276f50c53a3,f87fd97b1fbec1617b8ebbd3a36d9bd28ee515cb,sha256:b69fe7ab0267a553f6e1a180b0bbb98b5dafc6ec1176e623bcc1d276f50c53a3,Listeners 2,,True,False,False,False,,
archive:b69fe7ab0267a553,Satobloc/SAT_THEORY_ARCHIVE_2023-25,archive,SAT PODCAST STATS/PODCAST - LISTENERSHIP.txt,analytics,.txt,62305,b69fe7ab0267a553f6e1a180b0bbb98b5dafc6ec1176e623bcc1d276f50c53a3,f87fd97b1fbec1617b8ebbd3a36d9bd28ee515cb,sha256:b69fe7ab0267a553f6e1a180b0bbb98b5dafc6ec1176e623bcc1d276f50c53a3,LISTENERSHIP,,True,False,False,False,,
archive:fbcebed5b0ac3364,Satobloc/SAT_THEORY_ARCHIVE_2023-25,archive,SAT PODCAST STATS/PODCAST - Podcast stats.txt,analytics,.txt,193220,fbcebed5b0ac33642d6d10255ec69871c63890046204a0abd4cbd5ba1798331d,459335f7926f47d86b7d5959a594ed43e49ceae2,sha256:fbcebed5b0ac33642d6d10255ec69871c63890046204a0abd4cbd5ba1798331d,stats,,True,False,False,False,,
archive:c94d8c2d5df5c8de,Satobloc/SAT_THEORY_ARCHIVE_2023-25,archive,SAT PODCAST STATS/PODCAST - PODlod.txt,analytics,.txt,49885,c94d8c2d5df5c8defbeaa792d7162be5ddcd73291fccf6376b446cf54b9e41ee,64b4779266ef13cd7e8c8d688cd5d1377860f15c,sha256:c94d8c2d5df5c8defbeaa792d7162be5ddcd73291fccf6376b446cf54b9e41ee,PODlod,,True,False,False,False,,
archive:d3e6408507604723,Satobloc/SAT_THEORY_ARCHIVE_2023-25,archive,SAT PODCAST STATS/PODCAST - Podlode.txt,analytics,.txt,22443,d3e6408507604723a65d1036dc2a1ffb5b70a91675ad2b06d746480b0103957f,87e97096451bb7838e629dd26b84ce18b2bfaacd,sha256:d3e6408507604723a65d1036dc2a1ffb5b70a91675ad2b06d746480b0103957f,Podlode,,True,False,False,False,,
