episode_id,published_date,title,transcript_source,public_exposure_evidence,interpretive_task_class,priority_note,review_status
seed-2025-02-02-what-is-thought-made-of,2025-02-02,FIRST PUBLIC MENTION SAT DAI -- WHAT IS THOUGHT MADE OF,EXPOSURE_STATS/PODCAST_EPs/FIRST PUBLIC MENTION SAT DAI -- WHAT IS THOUGHT MADE OF.txt,true,ordinary_public_exposition,first-public-mention candidate,unreviewed
seed-2025-12-21-lithium-7,2025-12-21,Scalar-Angular Theory Field Notes - Lithium-7 The First Dark Matter Horizon,EXPOSURE_STATS/PODCAST_EPs/FULL_Scalar-Angular Theory_ Field Notes - Lithium-7_ The First Dark Matter Horizon_.txt,true,ordinary_public_exposition,,unreviewed
seed-2025-12-24-gr-qm-compatible,2025-12-24,Scalar-Angular Theory Field Notes - Proof GR & QM Are Compatible,EXPOSURE_STATS/PODCAST_EPs/Scalar-Angular Theory_ Field Notes - Proof GR & QM Are Compatible.txt,true,ordinary_public_exposition,P1 GR-QM proof recovery,unreviewed
seed-2026-01-16-post-closure,2026-01-16,Scalar-Angular Theory Field Notes - Post-Closure Experimental Predictions,EXPOSURE_STATS/PODCAST_EPs/FULL_Scalar-Angular Theory_ Field Notes - Post-Closure Experimental Predictions.txt,true,ordinary_public_exposition,predictions/method review,unreviewed
seed-2026-01-19-timelike-twist,2026-01-19,Scalar-Angular Theory Field Notes - Timelike Twist in the Accelerator,EXPOSURE_STATS/PODCAST_EPs/FULL_Scalar-Angular Theory_ Field Notes - Timelike Twist in the Accelerator .txt,true,ordinary_public_exposition,,unreviewed
seed-2026-02-24-0239,2026-02-24,Scalar-Angular Theory Field Notes - The 0.239 rad Constant,EXPOSURE_STATS/PODCAST_EPs/FULL_Scalar-Angular Theory_ Field Notes - The 0.239 rad Constant.txt,true,ordinary_public_exposition,constants/symbol history,unreviewed
seed-2026-02-25-derivations,2026-02-25,Scalar-Angular Theory Field Notes - SAT’s Derivations,EXPOSURE_STATS/PODCAST_EPs/FULL_Scalar-Angular Theory_ Field Notes - SAT’s Derivations.txt,true,ordinary_public_exposition,derivation/method review,unreviewed
seed-undated-prediction-drop,,Scalar-Angular Theory Field Notes - Prior Model Prediction Drop 3.1.26,EXPOSURE_STATS/PODCAST_EPs/FULL_Scalar-Angular Theory_ Field Notes - Prior Model Prediction Drop 3.1.26.txt,true,ordinary_public_exposition,date reconciliation required,unreviewed
seed-2026-03-07-qm-gr-method,2026-03-07,Scalar-Angular Theory Field Notes - Method for QM-GR Unification,EXPOSURE_STATS/PODCAST_EPs/FULL_Scalar-Angular Theory_ Field Notes - Method for QM-GR Unification.txt,true,ordinary_public_exposition,P1 GR-QM reconstruction,unreviewed
seed-2026-03-16-lab-testable,2026-03-16,Scalar-Angular Theory Field Notes - A Lab Testable TOE,EXPOSURE_STATS/PODCAST_EPs/FULL_Scalar-Angular Theory_ Field Notes - A Lab Testable TOE.txt,true,ordinary_public_exposition,test/method review,unreviewed
seed-2026-05-08-he3,2026-05-08,Scalar-Angular Theory Field Notes - The 17mK He3 λ Anomaly,EXPOSURE_STATS/PODCAST_EPs/FULL_Scalar-Angular Theory_ Field Notes - The 17mK He3 λ Anomaly.txt,true,ordinary_public_exposition,P3 He-3 anchor,unreviewed
seed-2026-05-09-full-unification,2026-05-09,Scalar-Angular Theory Field Notes - Full Unification GR-QM-ST,EXPOSURE_STATS/PODCAST_EPs/FULL_Scalar-Angular Theory_ Field Notes - Full Unification GR-QM-ST.txt,true,ordinary_public_exposition,P1 GR-QM reconstruction,unreviewed
seed-undated-neutrino-photon,,"Scalar-Angular Theory Field Notes - Neutrino-Photon Identity, Quantum Tunneling, and Chondrules(..!)","EXPOSURE_STATS/PODCAST_EPs/FULL_Scalar-Angular Theory_ Field Notes - Neutrino-Photon Identity, Quantum Tunneling, and Chondrules(..!).txt",true,ordinary_public_exposition,traveling-excitation history,unreviewed
seed-2026-09-06-majorana,2026-09-06,The New Physics - Majorana Coupling & Coiled Cooper Pairing,EXPOSURE_STATS/PODCAST_EPs/The New Physics - Majorana Coupling & Coiled Cooper Pairing.srt,true,insight_generation_requested,P3 He-3/Majorana/Cooper/parafermion candidate insights,unreviewed
